TypeID,TypeName,TypeDescription
1,Hotel,Standard multi-level hotel with few ammenities
2,Luxury Hotel,"Multi-level hotel with ammenities such as a pool, hot tub, restraunt, valet, etc."
3,Resort,Includes many features similar to luxury hotel but the location is owned by the ski resort
4,AirBnB,Short term rental by owner
5,Time Share,"Condo like residence owned by a group, ownership usually includes access to certain ammenities"
6,Hostel,"Customer pays for a bed but may share a room with other customers, very few ammenities if any"
