AccommodationID,AccommodationTypeID,AccomodationName,AccommodationAddress,AccommodationCity,AccommodationState,AccommodationZip,AccommodationCountry
1,1,Ski Chalet,83 Goodland Court,Aspen,Co,70033-,USA
2,1,Village Lofts,45 Heath Lane,Vail,Co,32304-,USA
3,1,Apres Village,38840 Summerview Park,Truckee,Ca,35279-,USA
4,1,Four Seasons,5476 Elka Pass,Whistler,BC,43567-,CAN
5,6,Slopeside Sleep,0 Oxford Pass,Santa Fe,Ne,87505-,USA
6,5,Ski-In condos,3 Artisan Trail,Winter Park,Co,84110-,USA
7,1,La Quinta,799 Riverside Pass,Salt Lake City,Ut,91797-,USA
8,1,Days Inn,24007 Crest Line Plaza,Frisco,Co,62794-,USA
9,1,Embassy Suites,35 Melrose Junction,Steamboat Springs,Co,92867-,USA
10,4,Cottage,33 Clarendon Street,Keystone,Co,98008-,USA
11,5,Mountain Village,07 South Court,Aspen,Co,76711-,USA
12,5,Val d'Ilsere,8510 Cordelia Center,Steamboat Springs,Co,48604-,USA
13,5,Vista Ridge,77 Badeau Drive,Taos,Ne,78405-,USA
14,2,Black Diamond,0 Golf View Center,Jackson Hole,Mt,91606-,USA
15,4,First Chair,107 Johnson Court,Bozeman,Mt,23285-,USA
16,6,Bluebird,83058 Drewry Terrace,Park City,Ut,93584-,USA
17,3,Glades,2 Donald Court,Aspen,Co,83716-,USA
18,2,Inferno Inn,43 Mosinee Center,Truckee,Ca,78210-,USA
19,4,SkiAndRide,2365 Union Place,Granby,Co,36616-,USA
20,6,Ski Day,109 Johnson Court,Bozeman,Mt,23285-,USA
21,3,Apres Inn,29 Melrose Junction,Steamboat Springs,Co,92867-,USA
22,4,Mogul Motel,31 Artisan Trail,Winter Park,Co,84110-,USA
23,5,The Chutes,2369 Union Place,Granby,Co,36616-,USA
24,2,Powder,89 Goodland Court,Aspen,Co,70033-,USA
