Customerid,CustomerFirstName,CustomerLastName,CustomerEmail,CustomerDOB,CustomerAddress,CustomerCity,CustomerStaTN,CustomerZip,CustomerCountry,CustomerPhoto
1,Calvin,Hobbes,chobbes@tigers.org,12/10/2011,94494 Huxley Road,Knoxville,TN,37924-,USA,
2,Thaine,Jerwood,tjerwood1@linkedcn.com,6/8/1923,2 Clove Drive,Las Vegas,NV,89120-,USA,
3,Rhianon,Kilmister,rkilmister2@dcon.ne.jp,9/21/1929,95112 Commercial Pass,Austin,TN,78778-,USA,
4,Pancho,Bootland,pbootland3@rakuten.co.jp,5/12/1918,0 Trailsway Way,Pittsburgh,PA,15205-,USA,
5,Kinna,Healks,khealks4@fc2.com,3/27/1915,318 Hoffman Place,Charleston,SC,29403-,USA,
6,Edvard,Howsego,ehowsego5@cdbaby.com,2/27/1947,1 Columbus Pass,Saint Louis,MO,63167-,USA,
7,Sauncho,Toy,stoy6@youku.com,11/12/1934,4 Harbort Trail,Baltimore,MD,21229-,USA,
8,Jenifer,Tidey,jtidey7@medcafire.com,11/22/1964,32700 Ilene Drive,Boston,MD,2216 -,USA,
9,Marysa,Jude,mjude8@admin.ch,7/14/1986,6 Texas Terrace,Orlando,FL,32813-,USA,
10,Abie,Smees,asmees9@canalblog.com,4/2/2019,445 Cardcnal Road,Round Rock,TN,78682-,USA,
11,Antone,Hagarty,ahagGartya@addtoany.com,12/6/1949,421 Tony Way,Albuquerque,NV,87121-,USA,
12,Fran,Toms,ftomsb@creativecommons.org,11/13/1978,664 Marquette Lane,Columbia,SC,29220-,USA,
13,Margo,Smalcombe,msmalcombec@bizjournals.com,8/31/1939,252 South Way,Fargo,ND,58122-,USA,
14,Shelly,Napoleone,snapoleoned@multiply.com,7/13/1930,22 Caliangt Way,Rockford,IL,61110-,USA,
15,Esta,Andrieux,eandrieuxe@woothemes.com,8/30/2010,260 WastridGa Avenue,Honolulu,HI,96825-,USA,
16,Lock,Toombes,ltoombes0@blogspot.com,5/1/1965,964 Arapahoe Point,Mesquite,TN,75185-,USA,
17,Odclia,BudGat,obudGat1@businessweek.com,8/3/2017,0 Spohn Street,Phoenix,AR,85025-,USA,
18,Khalil,Gunby,kgunby2@sfgate.com,12/2/2011,80 Everett Hill,Edmond,OK,73034-,USA,
19,Rosalia,Rosenblum,rrosenblum3@theatlantic.com,2/23/1948,3313 Red Cloud Park,Roanoke,VA,24034-,USA,
20,Burtie,Arundale,barundale4@shareasale.com,5/16/1951,17 Eastwood Street,New York City,NV,10099-,USA,
21,Klement,Le Gall,klegall5@canalblog.com,5/4/1999,959 Hanover Avenue,Pittsburgh,PA,15279-,USA,
22,Yvon,Riepl,yriepl6@bbb.org,12/1/1942,89755 John Wall Avenue,Saint Paul,MT,55166-,USA,
23,Adan,Marney,amarney7@macromedca.com,12/21/1959,172 Sauthoff Lane,Laredo,TN,78044-,USA,
24,Agneta,Arendt,aarendt8@shinystat.com,7/14/1979,3005 Algoma Avenue,Sparks,NV,89436-,USA,
25,Jarid,MacSporran,jmacsporran9@topsy.com,3/20/2012,10 Rockefeller Place,Norwalk,CO,6854 -,USA,
26,Starr,Deerr,sdeerra@netscape.com,1/21/1954,3626 Dapin Parkway,Tempe,AR,85284-,USA,
27,Garri,Hugo,ghugob@ow.ly,9/14/2013,5 Golf Hill,Merrifield,VA,22119-,USA,
28,Isabelita,Penhaligon,ipenhaligonc@seattletimes.com,12/17/2012,18821 Hoffman Junction,Charleston,WV,25389-,USA,
29,Kai,Brunicke,kbrunicked@juGam.jp,11/10/1961,4 Evergreen Pass,Beaumont,TN,77705-,USA,
30,Lynett,Oda,lodae@parallels.com,10/24/1988,73483 Burning Wood Trail,Fredericksburg,VA,22405-,USA,
31,Gianni,Brabon,gbrabonf@wp.com,3/29/1969,03 East Crossing,Baton RouGa,LA,70805-,USA,
32,Giana,Everwin,Gaverwing@gmpg.org,5/1/1952,36 Shoshone Center,Waco,TN,76796-,USA,
33,Penni,Kaesmakers,pkaesmakersh@printfriendly.com,1/26/1968,99792 Darwin Pass,Fresno,CA,93740-,USA,
34,Sibyl,Kisbee,skisbeei@sourceforGa.net,11/29/1943,8283 Milwaukee Lane,Joliet,IL,60435-,USA,
35,Linnea,Dudenie,ldudeniej@youku.com,11/13/1976,51 Veith Lane,Dallas,TN,75277-,USA,
36,Jayme,Rao,jraok@squidoo.com,7/31/1931,77397 Corry Hill,Fresno,CA,93704-,USA,
37,Ailyn,Tebbutt,atebbuttl@nifty.com,7/19/1930,471 American Ash Center,Fort Wayne,IN,46814-,USA,
38,Thekla,Brodeau,tbrodeaum@economist.com,8/21/2013,40 Nancy Avenue,San Francisco,CA,94110-,USA,
39,Roi,Dorrins,rdorrinsn@typepad.com,5/9/1949,92 Lerdahl Alley,Oakland,CA,94627-,USA,
40,Martynne,Scarse,mscarseo@163.com,2/5/1953,3 Service Circle,Oakland,CA,94605-,USA,
41,Jenna,Risebarer,jrisebarerp@businesswire.com,6/10/1951,011 Anderson Center,Johnson City,TN,37605-,USA,
42,Brodce,Drennan,bdrennanq@alibaba.com,7/11/1949,017 Armistice Terrace,Little Rock,AR,72222-,USA,
43,Carlota,O'Rafferty,coraffertyr@unblog.fr,6/22/1933,64010 SouthridGa Drive,Charleston,SC,29416-,USA,
44,Eilis,Licciardo,elicciardos@google.fr,12/9/1987,98620 Moulton Lane,Colorado Springs,CO,80945-,USA,
45,Lonna,Yushachkov,lyushachkovt@sciencedcrect.com,5/20/1995,5 Birchwood Parkway,Spokane,WA,99260-,USA,
46,Jed,Erdely,jerdelyu@weebly.com,6/20/1968,14387 8th Circle,Cleveland,OH,44177-,USA,
47,Odelia,Thornewill,othornewillv@sciencedcrect.com,12/31/2013,559 Hoepker Terrace,Waco,TN,76796-,USA,
48,Laurens,Klasing,lklasingw@bloglines.com,6/29/1996,8 SutteridGa Court,Albuquerque,NV,87195-,USA,
49,Sutton,Klasing,sklasingx@tmall.com,2/4/1969,60634 Kropf Avenue,Petaluma,CA,94975-,USA,
50,Yancey,Leeke,yleekey@stanford.edu,7/19/1971,2 Delaware Place,Baltimore,MD,21239-,USA,
51,Morgun,Hlavecek,mhlavecekz@cdc.gov,9/3/1938,8319 RutledGa Point,Wilkes Barre,PA,18706-,USA,
52,Amalea,Renvoys,arenvoys10@economist.com,6/17/1989,8965 Elmside Trail,Long Beach,CA,90840-,USA,
53,Lilia,Callow,lcallow11@amazonaws.com,8/15/1950,93 Petterle Center,Aurora,IL,60505-,USA,
54,Emerson,Marshal,emarshal12@marriott.com,1/18/1956,929 Daystar Drive,Charlottesville,VA,22903-,USA,
55,BrIdce,Pennino,bpennino13@ezinearticles.com,4/30/2016,8 5th Point,Washington,DC,20442-,USA,
56,Jo,Sawle,jsawle14@taobao.com,12/11/1949,03 Vidon Center,Staten Island,NV,10305-,USA,
57,Adara,Whiterod,awhiterod15@irs.gov,1/26/2017,3296 Derek Junction,Austin,TN,78778-,USA,
58,Orran,Humerstone,ohumerstone16@rakuten.co.jp,5/5/1968,408 Harper Center,Norfolk,VA,23520-,USA,
59,Lydon,Rodmell,lrodmell17@hostgator.com,5/3/1946,84 Johnson Trail,Berkeley,CA,94712-,USA,
60,Fraser,Gissop,fgissop18@g.co,9/24/2005,71639 Oak Hill,Duluth,GA,30096-,USA,
61,Philis,Brimham,pbrimham19@naver.com,1/2/1996,7241 Artisan Place,Nashville,TN,37250-,USA,
62,Gannifer,Walton,gwalton1a@google.ca,10/30/1984,27779 Reindahl Center,Philadelphia,PA,19093-,USA,
63,Coleman,Fearneley,cfearneley1b@statcounter.com,3/27/2009,10987 Saint Paul Terrace,Los AnGales,CA,90094-,USA,
64,Demetris,Goadby,dgoadby1c@ox.ac.uk,9/14/1950,945 Fairfield Place,Albuquerque,NV,87115-,USA,
65,Michaela,Sumption,msumption1d@princeton.edu,8/21/2000,26 Mifflin Circle,Columbus,OH,43226-,USA,
66,Gaaralt,Gaill,gGaill1e@wordpress.com,3/23/1991,0067 Sherman Way,Nashville,TN,37245-,USA,
67,Alfy,Simonian,asimonian1f@linkedcn.com,8/9/1992,1591 Wastport Alley,San Jose,CA,95118-,USA,
68,Kata,Tremeer,ktremeer1g@goo.gl,11/18/1963,331 RidGaview Avenue,Los AnGales,CA,90087-,USA,
69,Raychel,Golds,rgolds1h@noaa.gov,1/16/2007,8466 Butternut Plaza,Austin,TN,78737-,USA,
70,Toddce,Vick,tvick1i@harvard.edu,11/6/2001,28773 Mockingbird Hill,Honolulu,HI,96805-,USA,
71,Fenelia,Konke,fkonke1j@yellowpaGas.com,5/2/2018,4 Mifflin Plaza,Scottsdale,AR,85255-,USA,
72,Moise,Heape,mheape1k@howstuffworks.com,2/5/1976,5330 Arkansas Place,New Orleans,LA,70160-,USA,
73,Aggi,Tolmie,atolmie1l@statcounter.com,10/6/1995,1867 Moose Trail,Hialeah,FL,33013-,USA,
74,Betty,Fairhead,bfairhead1m@shareasale.com,12/21/1972,4362 CoolidGa Point,Alhambra,CA,91841-,USA,
75,Maressa,Silkston,msilkston1n@huffingtonpost.com,6/25/1933,93 Gina Crossing,Roanoke,VA,24029-,USA,
76,Marve,Luter,mluter1o@ox.ac.uk,5/2/1960,71125 Prairieview Center,Buffalo,NV,14205-,USA,
77,Christian,Petrou,cpetrou1p@example.com,8/3/1950,4 Fieldstone Parkway,Dearborn,MT,48126-,USA,
78,Jaquith,Buckam,jbuckam1q@dailymotion.com,5/27/1933,99613 Thackeray Trail,Trenton,NV,8608 -,USA,
79,Lester,Josskovitz,ljosskovitz1r@ox.ac.uk,4/15/2017,82964 Raven Pass,Fairfield,CO,6825 -,USA,
80,Ranique,Stocker,rstocker1s@aol.com,4/2/1935,3836 WastridGa Pass,Garland,TN,75049-,USA,
81,Kamila,Gue,kgue1t@de.vu,7/16/1971,6 Annamark Court,South Bend,IN,46634-,USA,
82,Lauri,Belone,lbelone1u@indcegogo.com,5/14/1959,0881 Oneill Center,Corpus Christi,TN,78405-,USA,
83,Ronnie,Tedahl,rtedahl1v@craigslist.org,3/8/1973,160 Corry Junction,Boise,ID,83757-,USA,
84,Dulcie,Dowtry,ddowtry1w@marriott.com,3/20/1952,3 Cordelia Place,Houston,TN,77040-,USA,
85,Wallie,Tott,wtott1x@yelp.com,8/18/1964,9 Oneill Avenue,Baltimore,MD,21290-,USA,
86,Issi,Rhymer,irhymer1y@newsvine.com,12/15/1970,86 Coleman Point,Saint Louis,MT,63167-,USA,
87,Darrin,Oloshkin,doloshkin1z@list-manaGa.com,5/26/1950,657 Marquette Trail,Philadelphia,PA,19120-,USA,
88,Althea,Lowing,alowing20@over-blog.com,8/16/2010,00305 Atwood Pass,Salt Lake City,UT,84120-,USA,
89,Lorinda,Treadgall,ltreadgall21@nature.com,7/21/1995,61 Fairview Avenue,Los AnGales,CA,90076-,USA,
90,Mandc,Redolfi,mredolfi22@about.me,4/19/1959,97 Arkansas Point,Bozeman,MT,59771-,USA,
91,Violante,Whitehead,vwhitehead23@csmonitor.com,3/23/2000,3114 Mockingbird Road,Atlanta,GA,31165-,USA,
92,Ibrahim,Foulsham,ifoulsham24@indcatimes.com,6/1/1933,0 Algoma Drive,Cleveland,OH,44177-,USA,
93,Salomi,Lenglet,slenglet25@macromedca.com,9/30/1936,5 Delladonna Alley,Dallas,TN,75236-,USA,
94,Vilhelmina,Stiegars,vstiegars26@auda.org.au,11/17/1980,939 Sachtjen Street,Montgomery,Al,36104-,USA,
95,Erich,Scrivenor,escrivenor27@barnesandnoble.com,9/29/1975,5 RutledGa Circle,Los AnGales,CA,90015-,USA,
96,Goldca,Fallowes,gfallowes28@bravesites.com,10/12/1989,8 Little Fleur Center,Lansing,MT,48930-,USA,
97,Cleveland,Kerner,ckerner29@1688.com,8/17/1985,7068 Forest Run Trail,Topeka,KS,66667-,USA,
98,Langsdon,Necrews,lnecrews2a@pinterest.com,1/31/1992,3 SutteridGa Road,Long Beach,CA,90831-,USA,
99,Carlyle,Warrit,cwerrit2b@princeton.edu,7/26/1999,135 Kensington Court,Carlsbad,CA,92013-,USA,
100,Saunder,McKnish,smcknish2c@narod.ru,5/4/2020,5 Elka Pass,San dcego,CA,92137-,USA,
101,Sherm,Lukins,slukins2d@google.com.au,3/15/1959,512 Corscot Hill,Charlotte,ND,28284-,USA,
102,Gael,Wabster,gwebster2e@patch.com,4/30/1930,6714 Almo Plaza,Henderson,NV,89074-,USA,
103,Zondra,Peacey,zpeacey2f@4shared.com,4/5/2002,6 Pearson Drive,Cheyenne,WY,82007-,USA,
104,Alberik,Garo,aGaro2g@thetimes.co.uk,9/6/1963,7863 Forest Junction,Indcanapolis,IN,46254-,USA,
105,Gale,Ladyman,gladyman2h@nasa.gov,9/13/1945,1637 Debra Avenue,Atlanta,GA,30358-,USA,
106,Hannah,Brisse,hbrisse2i@arizona.edu,8/20/2002,18287 Farmco Road,San dcego,CA,92176-,USA,
107,Leeanne,Castille,lcastille2j@ibm.com,9/7/1979,5598 Pond Park,Rochester,NV,14614-,USA,
108,Ashla,Domelaw,adomelaw2k@nba.com,7/28/1945,17919 Mayer Avenue,Wilkes Barre,PA,18763-,USA,
109,GaorGatta,Roman,groman2l@cloudflare.com,12/8/1992,1408 Ruskin Terrace,Portland,OR,97286-,USA,
110,Mayne,Claricoats,mclaricoats2m@bing.com,9/11/2002,434 Reindahl Crossing,Columbus,OH,43226-,USA,
111,Ethelbert,Jouanny,ejouanny2n@juGam.jp,12/20/1979,36244 dc Loreto Plaza,Springfield,IL,62711-,USA,
112,Mohandcs,Enston,menston2o@cafepress.com,1/18/1981,286 Pankratz Place,Memphis,TN,38143-,USA,
113,Guthrey,Kilban,gkilban2p@uiuc.edu,2/23/1935,2 Badeau Street,Milwaukee,WI,53225-,USA,
114,Archibold,Ferre,aferre2q@simplemachines.org,11/18/1935,8 High Crossing Trail,Arvada,CO,80005-,USA,
115,Townie,Barrass,tbarrass2r@netlog.com,4/16/1978,70 Del Sol Junction,Cincinnati,OH,45238-,USA,
116,Roosevelt,McKane,rmckane2s@rakuten.co.jp,9/17/1950,8382 Cascade Crossing,Amarillo,TN,79116-,USA,
117,Darbee,Rogister,drogister2t@histats.com,8/7/1943,471 Twin Pines Center,Rochester,NV,14624-,USA,
118,Raddce,Allinson,rallinson2u@scientificamerican.com,9/13/1991,48 Springs Junction,Olympia,WA,98506-,USA,
119,Valma,Basile,vbasile2v@indcegogo.com,4/17/1990,35557 Crowley Alley,Sioux City,IA,51110-,USA,
120,Corty,Beggan,cbeggan2w@constantcontact.com,2/2/1959,580 Evergreen Plaza,Waco,TN,76705-,USA,
121,Erich,dcmitriou,edcmitriou2x@pen.io,9/26/1961,399 Katie Center,Las Vegas,NV,89140-,USA,
122,Gwynne,Eggar,Gaggar2y@sciencedcrect.com,12/2/2008,3 Lunder Trail,Huntington,WV,25711-,USA,
123,Reiko,Standfield,rstandfield2z@skyrock.com,5/1/1953,20934 Canary Court,New York City,NV,10260-,USA,
124,Mellie,Alster,malster30@themeforest.net,5/28/1967,539 Caliangt Point,El Paso,TN,79989-,USA,
125,Hobbes,Tiger,hobbes@therealtigerking.net,4/11/1954,39 Gateway Street,Pompano Beach,FL,33064-,USA,
126,Rubin,Crommett,rcrommett32@creativecommons.org,5/12/1951,97343 Jana Court,Hollywood,FL,33023-,USA,
127,Gard,Greenstock,ggreenstock33@harvard.edu,4/15/1965,4 Arapahoe Park,Stockton,CA,95298-,USA,
128,Keary,BurridGa,kburridGa34@bing.com,5/24/1947,4423 Spaight Court,Brockton,MD,2405 -,USA,
129,Wainwright,Stenners,wstenners35@usnews.com,7/20/2010,06728 Hooker Park,Indcanapolis,IN,46207-,USA,
130,Shaine,Anelay,sanelay36@acquirethisname.com,1/23/1972,6 Lindbergh Lane,Indcanapolis,IN,46247-,USA,
131,Jerrome,Pimme,jpimme37@dell.com,9/23/1949,97517 Bunting Junction,Fayetteville,ND,28314-,USA,
132,Hagan,Hekkert,hhekkert38@de.vu,6/17/1978,913 Sugar Drive,Huntington,WV,25716-,USA,
133,Birgitta,WinridGa,bwinridGa39@pinterest.com,10/21/1952,17367 Acker Avenue,Wast Palm Beach,FL,33405-,USA,
134,Cal,Dracksford,cdracksford3a@slideshare.net,12/7/2007,97 Sullivan Place,San Francisco,CA,94137-,USA,
135,Ashton,Brient,abrient3b@pcworld.com,1/19/1979,6823 Rockefeller Road,Humble,TN,77346-,USA,
136,Sanderson,Abrahamoff,sabrahamoff3c@goodreads.com,1/1/1962,4 SaGa Court,Rochester,NV,14646-,USA,
137,Lu,Godbald,lgodbald3d@feedburner.com,6/13/1990,2 Morningstar Street,Washington,DC,20088-,USA,
138,Frasquito,Shorthouse,fshorthouse3e@newsvine.com,9/10/2011,9 Nova Junction,New Orleans,LA,70174-,USA,
139,Janeczka,Maynard,jmaynard3f@blog.com,10/14/2000,9673 Milwaukee Trail,Marietta,GA,30066-,USA,
140,Aubrey,Bayldon,abayldon3g@dyndns.org,2/26/1951,55828 Graceland Court,Sacramento,CA,95894-,USA,
141,Jorrie,Summerson,jsummerson3h@about.com,6/20/1944,0 Raven Lane,Kingsport,TN,37665-,USA,
142,Jania,Stacy,jstacy3i@phpbb.com,9/7/1982,7 Mcguire Way,Jacksonville,FL,32204-,USA,
143,Averyl,Gylle,agylle3j@walmart.com,6/24/1930,235 Arapahoe Trail,Atlanta,GA,30351-,USA,
144,Mose,Hampstead,mhampstead3k@gov.uk,1/6/1972,55 Maywood Way,Zephyrhills,FL,33543-,USA,
145,Dannie,Wilkison,dwilkison3l@engadGat.com,3/13/1969,71757 Lakeland Point,Omaha,NV,68197-,USA,
146,Verile,Theaker,vtheaker3m@ox.ac.uk,1/17/1966,25 East Drive,Orlando,FL,32825-,USA,
147,Irvin,Ternent,iternent3n@wordpress.org,5/6/1939,05 International Parkway,Baltimore,MD,21282-,USA,
148,Giorgio,Comber,gcomber3o@buzzfeed.com,7/20/1964,6333 Messerschmidt Trail,Columbus,OH,43240-,USA,
149,Gardce,Cazin,gcazin3p@networkadvertising.org,1/31/1997,2 Fallview Plaza,Bronx,NV,10459-,USA,
150,Dorelia,Jezard,djezard3q@gizmodo.com,8/18/1981,310 Stuart Lane,Sioux Falls,SC,57198-,USA,
151,Cyril,Cloy,ccloy3r@gov.uk,4/18/2001,9009 Lawn Hill,Kalamazoo,MT,49006-,USA,
152,Jobye,Duncombe,jduncombe3s@reddct.com,2/3/1950,085 Marquette Alley,Knoxville,TN,37931-,USA,
153,Magnum,Osler,mosler3t@scribd.com,1/7/1935,968 RutledGa Point,Raleigh,ND,27690-,USA,
154,Leonie,Treweke,ltreweke3u@abc.net.au,8/1/1933,7 Clemons Park,Stamford,CO,6912 -,USA,
155,Melany,Hold,mhold3v@ameblo.jp,6/28/1935,1 Lukken Alley,Louisville,KY,40250-,USA,
156,Doti,Growcock,dgrowcock3w@cocolog-nifty.com,3/15/1934,9 Morrow Place,New York City,NV,10120-,USA,
157,Yvon,Hilland,yhilland3x@studcopress.com,4/6/1978,1 Declaration Way,Akron,OH,44393-,USA,
158,Thomasine,Canacott,tcanacott3y@quantcast.com,3/17/1973,9 Stoughton Street,Fresno,CA,93786-,USA,
159,Rice,Trudgian,rtrudgian3z@scientificamerican.com,7/5/1996,74 Old Shore Plaza,New York City,NV,10275-,USA,
160,Natasha,Nevinson,nnevinson40@google.com.br,2/26/1988,222 Marcy Road,Saint Petersburg,FL,33715-,USA,
161,Faina,Flacknoe,fflacknoe41@dailymail.co.uk,10/26/1960,48302 Tennyson Plaza,Portsmouth,NV,214  -,USA,
162,Zebedee,Carette,zcarette42@addthis.com,4/19/1995,4 Longview Circle,Sacramento,CA,94257-,USA,
163,Roseanne,Donne,rdonne43@omniture.com,9/30/1959,8424 Coleman Pass,Washington,DC,20029-,USA,
164,Victoria,Dzenisenka,vdzenisenka44@is.gd,4/5/2012,92 Vernon Lane,Racine,WI,53405-,USA,
165,Wally,Houndesome,whoundesome45@last.fm,4/30/1981,3653 Erie Crossing,Cedar Rapids,IA,52405-,USA,
166,Trula,Pohl,tpohl46@ezinearticles.com,12/28/1964,8202 Jenifer Road,Virginia Beach,VA,23454-,USA,
167,Marthe,Mulloch,mmulloch47@mac.com,4/5/1998,1440 Duke Circle,Berkeley,CA,94705-,USA,
168,Stearn,Ziemke,sziemke48@networksolutions.com,5/14/1971,77 Steensland Way,Las Cruces,NV,88006-,USA,
169,Ulrikaumeko,Smieton,usmieton49@unblog.fr,11/30/1973,0893 Macpherson Street,Peoria,IL,61614-,USA,
170,Perl,Goford,pgoford4a@google.co.uk,1/19/2008,96170 Magdeline Point,Springfield,IL,62723-,USA,
171,Darrick,Kingswell,dkingswell4b@wordpress.com,5/17/1988,234 Knutson Crossing,Toledo,OH,43615-,USA,
172,Cati,LidGartwood,clidGartwood4c@skype.com,9/2/1945,12657 Straubel Drive,Honolulu,HI,96845-,USA,
173,Jeramey,Vlasenkov,jvlasenkov4d@dagondesign.com,2/22/2016,76 Rusk Lane,Washington,DC,20022-,USA,
174,Leah,Camm,lcamm4e@comsenz.com,11/27/1977,67376 Kingsford Lane,Wichita,KS,67210-,USA,
175,Murray,Winney,mwinney4f@hatena.ne.jp,10/8/1999,68 Commercial Crossing,RidGaly,MD,21684-,USA,
176,Adolf,Parcall,aparcall4g@t-online.de,11/21/1956,2274 Kipling Plaza,Gainesville,FL,32627-,USA,
177,Kippie,Ockland,kockland4h@tamu.edu,1/19/2000,554 Bunker Hill Court,Tampa,FL,33694-,USA,
178,Kent,Tott,ktott4i@php.net,8/19/1930,1063 Glendale Place,Reno,NV,89550-,USA,
179,Lindsy,Casassa,lcasassa4j@twitter.com,11/18/1976,9086 Mockingbird Plaza,Las Vegas,NV,89140-,USA,
180,Panchito,Duquesnay,pduquesnay4k@about.com,1/6/1994,05 Parkside Junction,Portsmouth,NV,3804 -,USA,
181,Liane,Tulleth,ltulleth4l@ocn.ne.jp,9/3/2019,7 Lunder Alley,New York City,NV,10249-,USA,
182,Donica,Kington,dkington4m@princeton.edu,9/22/1998,0293 Talisman Way,Lake Charles,LA,70616-,USA,
183,Pieter,McGaaney,pmcGaaney4n@google.com.au,2/1/2001,76 Morrow Plaza,Baltimore,MD,21229-,USA,
184,Katya,Willey,kwilley4o@phoca.cz,5/7/2016,2074 Garrison Pass,Albany,NV,12262-,USA,
185,Bathsheba,MacKeig,bmackeig4p@themeforest.net,4/18/2013,12055 Transport Lane,Huntsville,Al,35810-,USA,
186,Kit,Freddc,kfreddc4q@bing.com,11/3/2014,8425 Gale Point,Washington,DC,20062-,USA,
187,Birgit,Haburne,bhaburne4r@tripod.com,10/15/1973,08173 Holmberg Trail,Milwaukee,WI,53210-,USA,
188,Cecily,Alenichicov,calenichicov4s@bloomberg.com,5/28/1941,07136 Pearson Avenue,Frankfort,KY,40618-,USA,
189,Staffard,Pattie,spattie4t@hhs.gov,4/13/2007,22994 Hoepker Road,Greenville,SC,29615-,USA,
190,Muire,Leven,mleven4u@so-net.ne.jp,1/15/1972,94652 Buhler Terrace,Oakland,CA,94627-,USA,
191,Alphonso,Spratling,aspratling4v@smugmug.com,10/4/1931,865 Chinook Drive,Fort Wayne,IN,46857-,USA,
192,Virgie,Beardsley,vbeardsley4w@fastcompany.com,2/27/1985,71 Declaration Place,Tyler,TN,75799-,USA,
193,Billy,Piegrome,bpiegrome4x@cisco.com,5/4/2001,0588 Hansons Center,Corpus Christi,TN,78475-,USA,
194,Cad,Tomadoni,ctomadoni4y@google.ru,6/28/2010,48 Huxley Parkway,Houston,TN,77223-,USA,
195,Eran,Whyke,ewhyke4z@wikipedca.org,9/1/1975,124 Merry Place,Lexington,KY,40510-,USA,
196,Daisi,Stawell,dstawell50@ox.ac.uk,12/15/1932,950 SchlimGan Trail,New York City,NV,10105-,USA,
197,idelle,Wilds,iwilds51@cnet.com,5/23/1961,7 Sunnyside Hill,Provo,UT,84605-,USA,
198,Tedc,Soppit,tsoppit52@dell.com,5/28/2014,978 Anderson Trail,Houston,TN,77090-,USA,
199,Bryce,Dummigan,bdummigan53@un.org,4/29/2010,71792 Stuart Pass,Silver Spring,MD,20904-,USA,
200,Conni,Paylor,cpaylor54@joomla.org,1/3/1937,410 Scoville Avenue,New York City,NV,10131-,USA,
201,Bank,Kelloway,bkelloway55@g.co,1/12/1966,977 Old Shore Alley,Brooklyn,NV,11236-,USA,
202,Boycey,Elgar,belgar56@artisteer.com,11/26/1965,9 Veith Point,Sparks,NV,89436-,USA,
203,Selia,Rathmell,srathmell57@ibm.com,11/7/2001,0 Autumn Leaf Pass,East Saint Louis,IL,62205-,USA,
204,Timi,Lancashire,tlancashire58@bandcamp.com,9/12/1978,31371 Nancy Center,Alpharetta,GA,30022-,USA,
205,Wallas,Balogun,wbalogun59@google.cn,1/17/1933,36147 Sachs Park,Louisville,KY,40233-,USA,
206,Melisande,Daice,mdaice5a@businessinsider.com,9/7/1933,0062 Union Street,Fort Lauderdale,FL,33355-,USA,
207,Cherin,Jouandet,cjouandet5b@tinyurl.com,6/21/1939,1570 Brentwood Center,Jackson,MT,39216-,USA,
208,Deva,Rosenstock,drosenstock5c@google.ru,2/4/1953,6 Twin Pines Hill,Silver Spring,MD,20918-,USA,
209,Udale,Ghelarducci,ughelarducci5d@typepad.com,6/15/1985,132 Grover Pass,Greensboro,ND,27425-,USA,
210,Jania,Clousley,jclousley5e@simplemachines.org,3/19/1936,7780 Vahlen Terrace,Colorado Springs,CO,80920-,USA,
211,Drusy,Hackleton,dhackleton5f@flavors.me,9/5/2006,7 Katie Drive,New Orleans,LA,70116-,USA,
212,Alwin,Wyndham,awyndham5g@soundcloud.com,10/24/1936,3180 Clove Terrace,Chicago,IL,60614-,USA,
213,Laure,Rasper,lrasper5h@loc.gov,1/4/1946,8 Bashford Avenue,Portland,OR,97286-,USA,
214,Shalom,Hoggins,shoggins5i@about.com,2/16/1968,3 Browning Pass,Lawrenceville,GA,30045-,USA,
215,Gaaralt,Pottberry,gpottberry5j@marriott.com,3/24/1989,881 Birchwood Parkway,Atlanta,GA,30358-,USA,
216,Mina,Haddon,mhaddon5k@list-manaGa.com,8/15/1999,5 Crownhardt Place,Fort Worth,TN,76192-,USA,
217,Eloise,Dowell,edowell5l@si.edu,6/6/1999,3653 Sunnyside Trail,Shreveport,LA,71130-,USA,
218,Raine,Whitta,rwhitta5m@adobe.com,12/15/2005,7188 Birchwood Avenue,Washington,DC,20436-,USA,
219,Smith,Eltun,seltun5n@elegantthemes.com,10/4/1964,967 Caliangt Way,Memphis,TN,38161-,USA,
220,Leslie,Naire,lnaire5o@fema.gov,9/29/1968,07321 Sheridan Junction,Winston Salem,ND,27110-,USA,
221,Hugues,Gregson,hgregson5p@liveinternet.ru,5/10/1956,92908 VillaGa Court,Washington,DC,20215-,USA,
222,Hansiain,Vial,hvial5q@washingtonpost.com,6/15/2011,607 Lotheville Road,Atlanta,GA,31190-,USA,
223,Fidole,Roskelley,froskelley5r@samsung.com,1/5/1977,802 Ryan Park,Dallas,TN,75367-,USA,
224,Paquito,Carluccio,pcarluccio5s@jigsy.com,3/3/2001,2 SutteridGa Way,Roanoke,VA,24004-,USA,
225,Magda,Swindles,mswindles5t@mtv.com,8/8/1963,912 Toban Road,Naples,FL,33963-,USA,
226,Ivie,Lamasna,ilamasna5u@icq.com,3/27/1961,75890 Lake View Park,Washington,DC,20557-,USA,
227,Myrtia,Karet,mkaret5v@ftc.gov,4/9/1935,58526 Randy Parkway,Phoenix,AR,85062-,USA,
228,Renell,Nelsen,rnelsen5w@google.ca,1/14/1945,03987 Grim Circle,Daytona Beach,FL,32128-,USA,
229,Perri,Trass,ptrass5x@about.me,5/17/1956,72618 Mcbride Alley,Miami,FL,33190-,USA,
230,Essie,McCumesky,emccumesky5y@artisteer.com,8/22/1946,92 Grayhawk Center,Homestead,FL,33034-,USA,
231,Silvester,Suart,ssuart5z@dcgg.com,2/20/1960,863 Brentwood Court,Omaha,NV,68105-,USA,
232,Blaire,Mattes,bmattes60@vk.com,8/10/1943,1843 Reinke Way,Odessa,TN,79769-,USA,
233,Riobard,Avramovic,ravramovic61@unblog.fr,11/25/2020,71850 Lukken Trail,Lansing,MT,48919-,USA,
234,Gill,Billiard,gbilliard62@blinklist.com,10/7/2018,91844 Lien Road,Pasadena,TN,77505-,USA,
235,Moyra,Jantzen,mjantzen63@phoca.cz,6/11/1946,2 dcxon Road,Austin,TN,78754-,USA,
236,Sax,MacChaell,smacchaell64@feedburner.com,1/4/1947,17 Artisan Road,Escondcdo,CA,92030-,USA,
237,Maison,DutteridGa,mdutteridGa65@posterous.com,12/31/1967,54616 Sunnyside Plaza,Miami Beach,FL,33141-,USA,
238,Tanner,Breeds,tbreeds66@paypal.com,11/25/1948,8705 Lakewood Gardens Crossing,Pomona,CA,91797-,USA,
239,Helaina,Brissard,hbrissard67@utexas.edu,9/1/1931,337 Mayfield Drive,Portland,OR,97286-,USA,
240,idalia,Tibbits,itibbits68@nps.gov,8/11/2013,9885 Kings Hill,Grand Rapids,MT,49544-,USA,
241,Elsworth,Groll,egroll69@multiply.com,12/23/1964,2 Thompson Trail,Denton,TN,76205-,USA,
242,Minna,Sphinxe,msphinxe6a@vinaora.com,12/13/1989,53459 Havey Hill,Fresno,CA,93773-,USA,
243,Ferrel,Ogley,fogley6b@twitpic.com,6/28/1951,64657 Moulton Drive,Honolulu,HI,96815-,USA,
244,Herbert,Handyside,hhandyside6c@etsy.com,5/8/1936,25534 Eagle Crest Circle,Anderson,IN,46015-,USA,
245,Ashia,Milleton,amilleton6d@nature.com,4/2/1998,3 Stang Road,Milwaukee,WI,53285-,USA,
246,Dwight,Simister,dsimister6e@si.edu,7/18/1941,8563 Spohn Pass,Los AnGales,CA,90050-,USA,
247,Joelly,Osinin,josinin6f@bizjournals.com,9/2/2009,2844 Namekagon Point,Pittsburgh,PA,15235-,USA,
248,Tomkin,Quakley,tquakley6g@scribd.com,2/9/2007,1070 Arizona Park,Palmdale,CA,93591-,USA,
249,Debor,Balham,dbalham6h@blogspot.com,3/29/1979,09670 SouthridGa Avenue,Denton,TN,76210-,USA,
250,Boigie,Ettles,bettles6i@illinois.edu,11/2/1975,926 Novick Center,Elizabeth,NV,7208 -,USA,
251,Way,Twyford,wtwyford6j@mapquest.com,2/16/1959,2921 Jenifer Way,Las Vegas,NV,89166-,USA,
252,Buffy,Petofi,bpetofi6k@nifty.com,6/7/1983,2067 Crest Line Road,Raleigh,ND,27605-,USA,
253,Ronny,Gill,rgill6l@loc.gov,10/1/1982,53619 Esch Road,Newport News,VA,23605-,USA,
254,Garvin,VoGaler,gvoGaler6m@exblog.jp,4/6/2004,9 Mifflin Trail,Augusta,GA,30911-,USA,
255,Harvey,Jencey,hjencey6n@google.com,11/16/1983,2 Arizona Parkway,Lexington,KY,40546-,USA,
256,Appolonia,Kacheler,akacheler6o@skyrock.com,7/19/1993,23063 Cody Plaza,Spring Hill,FL,34611-,USA,
257,Carina,Edensor,cedensor6p@adobe.com,7/30/2015,1625 Mariners Cove Hill,Sacramento,CA,94245-,USA,
258,Irving,Gonning,igonning6q@oracle.com,11/22/1963,8820 Ruskin Trail,Saint Louis,MT,63167-,USA,
259,Evelin,Boolsen,eboolsen6r@archive.org,12/6/2019,299 Granby Plaza,Cincinnati,OH,45238-,USA,
260,Lorri,Burchell,lburchell6s@cbsnews.com,6/14/1930,25 Autumn Leaf Place,Brooklyn,NV,11241-,USA,
261,Xever,O'Keevan,xokeevan6t@opera.com,3/13/1978,011 Northfield Parkway,Saint Louis,MT,63169-,USA,
262,EldredGa,Begwell,ebegwell6u@google.ru,12/29/1947,40943 Mallory Crossing,Akron,OH,44393-,USA,
263,Tann,Fenn,tfenn6v@nps.gov,1/3/2016,7741 Schiller Center,Dallas,TN,75342-,USA,
264,Manon,Horney,mhorney6w@parallels.com,6/30/2020,5028 Fairview Lane,Pittsburgh,PA,15255-,USA,
265,Mignon,Gulston,mgulston6x@gov.uk,8/6/2020,6186 Pine View Way,Harrisburg,PA,17110-,USA,
266,Gavrielle,Casebourne,gcasebourne6y@anGalfire.com,11/11/2013,5 Hoard Road,Beaumont,TN,77705-,USA,
267,Maren,Cullinan,mcullinan6z@ow.ly,7/7/1955,99 Jackson Lane,Salt Lake City,UT,84130-,USA,
268,Jorie,De Domenico,jdedomenico70@census.gov,6/18/1961,20433 Nevada Place,Austin,TN,78754-,USA,
269,Chrisse,Mabbs,cmabbs71@wikia.com,10/6/1958,638 Dwight Terrace,Wichita,KS,67260-,USA,
270,Carolin,Tucsell,ctucsell72@marriott.com,1/4/2019,96935 Vernon Alley,Washington,DC,20337-,USA,
271,Asia,Verling,averling73@webnode.com,4/2/1988,25 PortaGa Crossing,Wilmington,DE,19886-,USA,
272,Alyss,Tabourier,atabourier74@unblog.fr,10/20/1995,1 Fairview Court,Evansville,IN,47719-,USA,
273,Beatrice,Missenden,bmissenden75@netvibes.com,10/19/1960,60 Wastend Alley,Jacksonville,FL,32277-,USA,
274,Mahalia,Fearneley,mfearneley76@dyndns.org,8/4/1946,67690 Carberry Street,Fort Myers,FL,33913-,USA,
275,Cinderella,Tufts,ctufts77@flickr.com,5/27/2001,742 Mendota Circle,Lexington,KY,40505-,USA,
276,Nicolette,Sterke,nsterke78@sina.com.cn,11/19/1980,45456 Talisman Hill,Peoria,IL,61640-,USA,
277,Evita,Harry,eharry79@yahoo.com,10/2/1969,8712 Marquette Trail,Lincoln,NV,68531-,USA,
278,Cherrita,Giovanardc,cgiovanardc7a@godaddy.com,11/21/1944,372 Novick Park,Atlanta,GA,30392-,USA,
279,Rikki,O'Fairy,rofairy7b@walmart.com,12/12/1965,40 Mariners Cove Place,Rochester,MT,55905-,USA,
280,Quintus,Kiraly,qkiraly7c@twitter.com,1/29/2000,95308 Mesta Center,Houston,TN,77065-,USA,
281,Hope,Fish,hfish7d@twitpic.com,10/2/1998,96 Norway Maple Alley,Buffalo,NV,14269-,USA,
282,Jasmina,Bris,jbris7e@nasa.gov,5/25/2002,059 Darwin Street,San Jose,CA,95118-,USA,
283,Korie,Lebel,klebel7f@guardcan.co.uk,12/1/1936,6 Kedzie Drive,Tyler,TN,75705-,USA,
284,Dari,Papes,dpapes7g@paypal.com,5/2/1953,3 Green RidGa Pass,Des Moines,IA,50310-,USA,
285,idelle,Baskerville,ibaskerville7h@devhub.com,2/4/1991,22 Maple Wood Alley,Richmond,VA,23272-,USA,
286,Gaorgianne,Muriel,gmuriel7i@eepurl.com,10/29/1934,0646 Superior Hill,Athens,GA,30605-,USA,
287,Gwyneth,Cocozza,gcocozza7j@vk.com,12/9/1937,9 Mcbride Drive,Saint Paul,MT,55108-,USA,
288,Mortimer,Vasilechko,mvasilechko7k@ocn.ne.jp,3/6/1983,52327 Cordelia Point,San Antonio,TN,78230-,USA,
289,Benedcck,Gobbet,bgobbet7l@photobucket.com,10/21/1999,856 dc Loreto Place,Savannah,GA,31422-,USA,
290,Dolli,Hardcker,dhardcker7m@wunderground.com,1/31/2010,87 Kim Alley,Charleston,SC,29403-,USA,
291,Sibella,Mariaud,smariaud7n@blogtalkradco.com,10/2/2006,713 Arrowood Parkway,Dallas,TN,75241-,USA,
292,Calli,Ferrini,cferrini7o@abc.net.au,7/21/1952,0 Springview Terrace,El Paso,TN,88525-,USA,
293,Chelsae,Novill,cnovill7p@Gaocities.jp,7/14/1980,096 Erie Road,New York City,NV,10009-,USA,
294,Ruperta,Domone,rdomone7q@wordpress.com,1/16/2009,3643 Grasskamp Trail,Fairbanks,Al,99790-,USA,
295,Alyce,Gaymar,agaymar7r@addtoany.com,2/27/1977,48 SutteridGa Center,Sioux Falls,SC,57110-,USA,
296,Joseito,Malletratt,jmalletratt7s@bluehost.com,5/27/1999,059 Clove Terrace,Kansas City,MT,64187-,USA,
297,Isabella,dcngsdale,Idcngsdale7t@cbsnews.com,2/19/1995,3 Memorial Street,Naples,FL,34114-,USA,
298,Karna,Brumfitt,kbrumfitt7u@merriam-webster.com,6/12/2012,9083 Bartelt Trail,Rochester,NV,14609-,USA,
299,Gram,Batham,gbatham7v@cargocollective.com,7/24/1970,14169 Atwood Parkway,Lexington,KY,40586-,USA,
300,Amy,Laidlow,alaidlow7w@moonfruit.com,4/8/1990,53 Porter Court,Waterbury,CO,6721 -,USA,
301,Bartlet,McPhilemy,bmcphilemy7x@sourceforGa.net,10/30/2003,55 Walch Road,Fort Myers,FL,33906-,USA,
302,Layla,Johananoff,ljohananoff7y@ustream.tv,1/17/2003,84222 Macpherson Alley,Pittsburgh,PA,15210-,USA,
303,Christabel,Rosterne,crosterne7z@microsoft.com,11/4/1995,5 Londonderry Trail,Jackson,MT,39204-,USA,
304,Karlens,Comins,kcomins80@sciencedcrect.com,2/7/2021,093 Clarendon Point,Toledo,OH,43666-,USA,
305,Emlyn,Dofty,edofty81@dailymail.co.uk,4/3/1991,0190 Dayton Avenue,Farmington,MT,48335-,USA,
306,Katti,Gavaghan,kgavaghan82@nasa.gov,8/18/1973,87202 John Wall Trail,Miami,FL,33153-,USA,
307,Isidora,McLeish,imcleish83@github.io,3/10/1961,3 Delaware Road,Los AnGales,CA,90076-,USA,
308,Sile,Sieghard,ssieghard84@washington.edu,10/25/1973,28133 Rusk Alley,Chicago,IL,60641-,USA,
309,Selene,Dowrey,sdowrey85@acquirethisname.com,3/4/1966,9 Scoville Terrace,Denver,CO,80241-,USA,
310,Garv,Havesides,ghavesides86@umn.edu,2/16/1931,71964 Pearson Parkway,Albuquerque,NV,87190-,USA,
311,Grantham,O'Crevy,gocrevy87@google.com.br,4/30/1961,27729 Oriole Plaza,Riverside,CA,92519-,USA,
312,Yorgo,Melmar,ymelmar88@uol.com.br,3/3/2020,6756 Raven Lane,Oklahoma City,OK,73179-,USA,
313,Kirbee,Shewring,kshewring89@ameblo.jp,3/31/1990,1 Mendota Trail,Durham,ND,27710-,USA,
314,Darn,Frazier,dfrazier8a@delicious.com,4/3/1989,47 Northwestern Terrace,Shawnee Mission,KS,66220-,USA,
315,Ashlin,Berndtssen,aberndtssen8b@sourceforGa.net,7/13/1979,8601 Cardcnal Pass,Houston,TN,77271-,USA,
316,Felicio,Seago,fseago8c@icio.us,1/10/1949,8172 Larry Point,Denver,CO,80204-,USA,
317,Rica,Bloschke,rbloschke8d@ted.com,1/28/1973,53 SutteridGa Alley,Savannah,GA,31410-,USA,
318,Alasteir,Nursey,anursey8e@dot.gov,9/9/1930,283 Elmside Court,Waterbury,CO,6721 -,USA,
319,Levey,Glanvill,lglanvill8f@histats.com,9/25/2018,0 Bartelt Street,Waterloo,IA,50706-,USA,
320,Fanni,Domleo,fdomleo8g@w3.org,6/7/1961,5604 Florence Trail,Naperville,IL,60567-,USA,
321,Garvey,Slowan,gslowan8h@about.com,4/23/1982,442 Summerview Point,Portsmouth,NV,214  -,USA,
322,Pip,Falls,pfalls8i@hud.gov,12/7/1968,266 Morrow Court,Tucson,AR,85715-,USA,
323,Lamar,Baldacchi,lbaldacchi8j@time.com,10/3/1959,8534 Lawn Circle,Charlotte,ND,28284-,USA,
324,Zeb,Barclay,zbarclay8k@statcounter.com,4/24/2004,71936 Arkansas Park,Macon,GA,31296-,USA,
325,Lainey,Trimmell,ltrimmell8l@epa.gov,11/15/1931,88 Tony Crossing,Minneapolis,MT,55448-,USA,
326,Donavon,Vignaux,dvignaux8m@barnesandnoble.com,1/7/2016,4 dcxon Way,Shreveport,LA,71130-,USA,
327,Lorettalorna,Chastel,lchastel8n@spotify.com,3/30/2001,1878 Mifflin Way,El Paso,TN,79994-,USA,
328,Conway,Coopman,ccoopman8o@dcon.ne.jp,9/8/2002,61 Lindbergh Terrace,New York City,NV,10249-,USA,
329,Karalee,Simounet,ksimounet8p@vkontakte.ru,6/9/1972,67800 Summerview Court,Washington,DC,20436-,USA,
330,Shelton,McGlew,smcglew8q@ft.com,6/20/1992,511 Manitowish Crossing,Pittsburgh,PA,15225-,USA,
331,Aundrea,Gasker,agasker8r@ca.gov,8/10/1970,04 Loeprich Crossing,Tacoma,WA,98424-,USA,
332,Lew,Hatto,lhatto8s@privacy.gov.au,5/21/1971,07 Calypso Court,Wilmington,DE,19892-,USA,
333,Janice,Rucklesse,jrucklesse8t@ifeng.com,5/18/1945,73 OakridGa Circle,Philadelphia,PA,19136-,USA,
334,Wylie,Svanetti,wsvanetti8u@forbes.com,8/1/1987,8 Fairview Trail,Boulder,CO,80305-,USA,
335,Mahmoud,Fancy,mfancy8v@foxnews.com,11/23/2011,55 Monument Pass,New Orleans,LA,70160-,USA,
336,Mycah,Ruslin,mruslin8w@ebay.co.uk,5/13/1943,3314 Dapin Center,Fresno,CA,93740-,USA,
337,Zacharie,Gheeraert,zgheeraert8x@gov.uk,8/20/1930,27822 Fuller Park,Homestead,FL,33034-,USA,
338,Demetria,Codman,dcodman8y@deliciousdays.com,9/11/2010,373 Clemons Hill,Chicago,IL,60697-,USA,
339,Palm,GamaGa,pgamaGa8z@washingtonpost.com,8/29/1976,39 Independence Alley,Stamford,CO,6905 -,USA,
340,Nikolas,Barchrameev,nbarchrameev90@naver.com,9/5/2002,5 Dahle Place,Johnstown,PA,15906-,USA,
341,Ronda,Cretney,rcretney91@earthlink.net,11/29/1957,592 Crescent Oaks Road,San Jose,CA,95108-,USA,
342,Charyl,Saunier,csaunier92@unc.edu,2/23/1949,24042 Vera Lane,North Las Vegas,NV,89087-,USA,
343,Patin,RoGat,proGat93@nasa.gov,6/23/1936,4 CambridGa Road,Staten Island,NV,10305-,USA,
344,Blondelle,Vamplus,bvamplus94@forbes.com,8/24/1958,02159 Harper Center,Lexington,KY,40596-,USA,
345,Jacky,Akers,jakers95@microsoft.com,4/7/1941,26 Anderson Hill,Raleigh,ND,27626-,USA,
346,Sky,Sterry,ssterry96@odnoklassniki.ru,12/7/1964,5269 Gulseth Pass,San Jose,CA,95138-,USA,
347,Angie,Pellman,apellman97@seattletimes.com,7/2/1969,7 Crowley Circle,OranGa,CA,92668-,USA,
348,Birk,Dossett,bdossett98@reference.com,4/27/2001,58 Garald Court,Las Cruces,NV,88006-,USA,
349,Alleen,Lithcow,alithcow99@webmd.com,3/10/1985,31 Prentice Junction,Arlington,VA,22244-,USA,
350,Eadmund,O'Crowley,eocrowley9a@boston.com,11/17/1965,43 Saint Paul Trail,Honolulu,HI,96835-,USA,
351,Masha,Kits,mkits9b@reference.com,10/6/1932,90 Merrick Lane,Saint Petersburg,FL,33715-,USA,
352,Barnett,Walasik,bwalasik9c@whitehouse.gov,2/6/1936,6763 Arapahoe Way,Kansas City,MT,64109-,USA,
353,Tiffie,Pell,tpell9d@ifeng.com,12/1/2010,705 Almo Terrace,San Antonio,TN,78205-,USA,
354,Johnath,Bellay,jbellay9e@qq.com,6/4/1942,529 RidGaview Street,Midland,TN,79705-,USA,
355,Linea,Casarini,lcasarini9f@google.pl,4/12/1964,7182 Tennessee Alley,Knoxville,TN,37924-,USA,
356,Reinwald,McKinnon,rmckinnon9g@pcworld.com,10/31/1988,0 Thackeray Drive,Washington,DC,20525-,USA,
357,Cristabel,Saunier,csaunier9h@Gaocities.jp,8/22/1987,6237 Mesta Drive,Johnson City,TN,37605-,USA,
358,Marsh,Eastham,meastham9i@addtoany.com,1/1/1985,42 Truax Trail,Lexington,KY,40591-,USA,
359,Sheffie,Parry,sparry9j@devhub.com,5/28/1972,1244 Pleasure Plaza,Naples,FL,34114-,USA,
360,Stearn,Zettoi,szettoi9k@opensource.org,10/17/1962,139 Hintze Pass,Dayton,OH,45432-,USA,
361,Alfredo,Powrie,apowrie9l@hubpaGas.com,1/11/1966,46 Susan Avenue,Minneapolis,MT,55480-,USA,
362,Barthel,Avo,bavo9m@google.ru,7/16/1988,8 Thackeray Parkway,Knoxville,TN,37924-,USA,
363,Stewart,Ackenhead,sackenhead9n@creativecommons.org,8/2/1959,0 Pawling Court,Daytona Beach,FL,32123-,USA,
364,Bessy,Beek,bbeek9o@dailymotion.com,4/1/1957,33 Mallard Road,Charlotte,ND,28263-,USA,
365,Garry,Chiverton,gchiverton9p@google.com,10/28/1946,52 Upham Place,Washington,DC,20580-,USA,
366,Guillermo,dcmberline,gdcmberline9q@github.com,4/11/1981,7630 Forest Run Hill,Punta Gorda,FL,33982-,USA,
367,Elene,Winckle,ewinckle9r@csmonitor.com,9/28/1994,699 Stone Corner Terrace,Bradenton,FL,34210-,USA,
368,Brianna,Harrold,bharrold9s@ed.gov,1/8/2002,80 Steensland Pass,Houston,TN,77015-,USA,
369,Lauritz,Giacomo,lgiacomo9t@homestead.com,9/28/1970,6 Lake View Plaza,Colorado Springs,CO,80920-,USA,
370,Kerr,Tebbut,ktebbut9u@tiny.cc,3/1/1981,522 Granby Plaza,Detroit,MT,48217-,USA,
371,Jobi,Coward,jcoward9v@exblog.jp,2/15/2013,076 Hermina Crossing,New Orleans,LA,70129-,USA,
372,Brita,Blase,bblase9w@technorati.com,1/27/1959,47 Basil Trail,Tampa,FL,33647-,USA,
373,Miguelita,Robus,mrobus9x@marriott.com,2/11/1942,055 Troy Road,Saint Louis,MT,63136-,USA,
374,Eachelle,Vigours,evigours9y@pinterest.com,7/30/1964,5 Vernon Avenue,Midland,TN,79710-,USA,
375,Ruthe,McPherson,rmcpherson9z@yandex.ru,6/21/1951,264 Charing Cross Terrace,South Lake Tahoe,CA,96154-,USA,
376,Tyrus,Rook,trooka0@163.com,4/19/1952,60 Green RidGa Street,Pasadena,CA,91109-,USA,
377,Sutherland,Lamden,slamdena1@ask.com,4/30/1948,3 Forster Drive,Los AnGales,CA,90030-,USA,
378,Corey,De Cruze,cdecruzea2@army.mil,11/19/2004,3 Haas Place,Charlotte,ND,28272-,USA,
379,Cy,Paladcno,cpaladcnoa3@barnesandnoble.com,11/4/1940,20 Alpine Point,Corpus Christi,TN,78410-,USA,
380,Dev,Jaquemar,djaquemara4@telegraph.co.uk,10/29/1970,65926 Johnson Avenue,Montgomery,Al,36114-,USA,
381,Gwennie,Pick,gpicka5@blinklist.com,9/15/1968,970 Corry Circle,Vienna,VA,22184-,USA,
382,Ernst,HugGan,ehugGana6@acquirethisname.com,8/15/1973,93 Ilene Crossing,Lancaster,CA,93584-,USA,
383,Zelda,Alessandrini,zalessandrinia7@cafepress.com,7/3/1981,01203 Kedzie Plaza,El Paso,TN,79940-,USA,
384,Clerc,Izaks,cizaksa8@webs.com,2/6/1980,99471 dc Loreto Terrace,San Antonio,TN,78250-,USA,
385,Stewart,Balfe,sbalfea9@ucoz.ru,10/5/1941,6 Fulton Road,Fresno,CA,93762-,USA,
386,Caryl,Magowan,cmagowanaa@dropbox.com,6/30/1986,5 Hayes Lane,Reston,VA,22096-,USA,
387,Conway,Izzard,cizzardab@wunderground.com,10/2/1996,8 Pankratz Point,Honolulu,HI,96840-,USA,
388,Rebe,Fernan,rfernanac@zimbio.com,7/13/1954,95792 Wastend Center,Lancaster,CA,93584-,USA,
389,Cy,Ranyelld,cranyelldad@army.mil,4/19/1947,17075 Commercial Road,Atlanta,GA,31196-,USA,
390,Shana,Wynes,swynesae@123-reg.co.uk,6/1/2005,9543 Troy Street,South Bend,IN,46620-,USA,
391,Bathsheba,Wavell,bwavellaf@devhub.com,3/1/2005,842 RidGaway Drive,Naples,FL,34114-,USA,
392,Brett,Rablan,brablanag@edublogs.org,6/6/1985,744 Declaration Point,New Castle,PA,16107-,USA,
393,Sherie,Allewell,sallewellah@yahoo.co.jp,8/10/2001,659 Springs Drive,Tuscaloosa,Al,35487-,USA,
394,Juanita,McShirie,jmcshirieai@macromedca.com,4/4/1972,08636 Delaware Parkway,Buffalo,NV,14220-,USA,
395,Adriane,Jays,ajaysaj@artisteer.com,11/15/1935,94338 Oxford Trail,Young America,MT,55564-,USA,
396,Augustina,Pittet,apittetak@abc.net.au,4/22/1976,3001 Kings Pass,Alexandria,VA,22301-,USA,
397,Brittani,Backshell,bbackshellal@blogGar.com,1/30/1965,29101 Everett Circle,Pasadena,CA,91186-,USA,
398,RuttGar,Andreasen,randreasenam@mayoclinic.com,12/26/2008,3 Northview Hill,Atlanta,GA,30386-,USA,
399,Trevar,Covington,tcovingtonan@ameblo.jp,3/31/2018,527 Garald Trail,Pasadena,CA,91125-,USA,
400,Dyana,Philot,dphilotao@weebly.com,7/30/1942,1380 Bluestem Crossing,Shreveport,LA,71105-,USA,
401,Carley,Hessing,chessingap@noaa.gov,5/8/2004,48 Hoepker Place,Raleigh,ND,27690-,USA,
402,Perceval,Berrane,pberraneaq@last.fm,11/4/2000,8824 Cordelia Drive,Humble,TN,77346-,USA,
403,Vera,Mushart,vmushartar@sakura.ne.jp,4/18/1951,60092 Lakewood Gardens Court,AnchoraGa,Al,99512-,USA,
404,Jojo,Biasio,jbiasioas@ning.com,2/7/2009,046 Saint Paul Plaza,Colorado Springs,CO,80930-,USA,
405,Dalenna,GaorGa,dGaorGaat@spieGal.de,12/16/1964,3 Sugar Crossing,Los AnGales,CA,90101-,USA,
406,Dave,Bolter,dbolterau@creativecommons.org,8/25/1978,43 Browning Avenue,Alhambra,CA,91841-,USA,
407,Shelden,Densumbe,sdensumbeav@reference.com,6/19/2015,081 Huxley Place,Boise,ID,83711-,USA,
408,Andree,Pantry,apantryaw@soundcloud.com,3/15/1932,01 Stoughton Circle,New York City,NV,10014-,USA,
409,Slade,Grinaugh,sgrinaughax@usa.gov,1/29/1933,1393 Dorton Circle,Richmond,VA,23225-,USA,
410,Kendricks,Yerrington,kyerringtonay@phpbb.com,9/20/2018,10 Declaration Lane,Dallas,TN,75342-,USA,
411,Marleen,O'Corrigane,mocorriganeaz@sina.com.cn,4/10/1960,16994 Pepper Wood Way,El Paso,TN,79916-,USA,
412,Merrili,Maundrell,mmaundrellb0@twitpic.com,5/23/1956,20 Heath Alley,Pittsburgh,PA,15240-,USA,
413,Sampson,Watmough,swatmoughb1@buzzfeed.com,7/20/1965,822 Vahlen Junction,Garland,TN,75044-,USA,
414,Garth,Beadon,gbeadonb2@salon.com,4/13/1944,1512 dcvision Hill,Oakland,CA,94660-,USA,
415,Tori,Gogan,tgoganb3@chron.com,3/23/1970,277 Dexter Alley,Fort Wayne,IN,46814-,USA,
416,AldridGa,Sanham,asanhamb4@taobao.com,3/25/1971,70462 Hudson Court,Columbus,GA,31914-,USA,
417,Maisey,Olivetta,molivettab5@a8.net,2/2/1963,259 Stoughton Terrace,El Paso,TN,88530-,USA,
418,Faythe,MacMenamy,fmacmenamyb6@about.com,6/25/1942,4027 Bandcng Terrace,Sacramento,CA,95823-,USA,
419,Shanie,Tavernor,stavernorb7@princeton.edu,7/16/1968,4859 Reinke Court,Phoenix,AR,85067-,USA,
420,Irvine,Worters,iwortersb8@sakura.ne.jp,9/7/1983,4 Utah Court,Fresno,CA,93773-,USA,
421,Waldon,dc Boldc,wdcboldcb9@narod.ru,5/18/1973,7966 Harbort Point,Pittsburgh,PA,15230-,USA,
422,Olga,Yosselevitch,oyosselevitchba@4shared.com,7/10/1948,5 Clyde Gallagher Drive,Bethlehem,PA,18018-,USA,
423,Filippa,Nornable,fnornablebb@google.fr,1/29/2004,123 Kim Junction,Dallas,TN,75251-,USA,
424,Anatola,Furzey,afurzeybc@yahoo.co.jp,11/26/1957,0963 Michigan Avenue,Spartanburg,SC,29305-,USA,
425,dcllon,Liebermann,dliebermannbd@yale.edu,3/1/2015,91627 Graceland Pass,San Jose,CA,95113-,USA,
426,Storm,Peiser,speiserbe@redcross.org,11/3/1953,9694 Stoughton Pass,Boise,ID,83705-,USA,
427,Fionna,Latch,flatchbf@wordpress.com,8/19/1952,0389 Kingsford Terrace,Omaha,NV,68144-,USA,
428,Alexis,Mote,amotebg@plala.or.jp,6/5/1989,1 Sachtjen Avenue,Orlando,FL,32830-,USA,
429,Gusella,GolledGa,ggolledGabh@house.gov,10/26/2004,9 Fordem Park,Vero Beach,FL,32964-,USA,
430,Miller,Wynn,mwynnbi@amazon.com,8/13/1944,8408 Dryden Place,San Bernardcno,CA,92405-,USA,
431,Maximilianus,Cregg,mcreggbj@umich.edu,8/22/1966,1 Duke Terrace,Albany,NV,12242-,USA,
432,Kerk,Pennini,kpenninibk@sohu.com,4/13/1989,9085 Lien Court,Sandy,UT,84093-,USA,
433,Rhodce,Rawcliffe,rrawcliffebl@privacy.gov.au,5/15/1943,2 Colorado Way,El Paso,TN,88569-,USA,
434,Helyn,Enevold,henevoldbm@oracle.com,2/9/1958,39 Vermont Point,Charlotte,ND,28256-,USA,
435,Elton,Egar,eegarbn@twitpic.com,10/16/2000,61207 Grasskamp Circle,Tuscaloosa,Al,35405-,USA,
436,Ardcs,Gopsill,agopsillbo@sohu.com,2/24/1970,80143 Myrtle Way,Lubbock,TN,79491-,USA,
437,Andre,Simionato,asimionatobp@twitpic.com,12/27/1984,26 Twin Pines Lane,Inglewood,CA,90310-,USA,
438,Margarette,Brawn,mbrawnbq@webeden.co.uk,3/25/2000,5 Forest Run Road,Fort Worth,TN,76178-,USA,
439,Christi,Veryan,cveryanbr@boston.com,7/4/2018,3 Bunker Hill Avenue,Knoxville,TN,37924-,USA,
440,Clarence,Paolicchi,cpaolicchibs@about.me,11/28/1976,5561 Ilene Plaza,Littleton,CO,80127-,USA,
441,Trumaine,Bartosiak,tbartosiakbt@amazon.co.uk,9/13/1948,03 Memorial Parkway,Fort Worth,TN,76198-,USA,
442,Buck,Adamides,badamidesbu@thetimes.co.uk,2/4/2003,2 Pleasure Avenue,Tulsa,OK,74108-,USA,
443,Pennie,Lipyeat,plipyeatbv@nature.com,10/30/1995,9 Morningstar Terrace,Alexandria,VA,22301-,USA,
444,Joell,Tremaine,jtremainebw@spotify.com,1/5/1970,9798 Rusk Terrace,Omaha,NV,68144-,USA,
445,Kimbra,Kilbourne,kkilbournebx@sciencedcrect.com,6/8/1966,33880 dcxon Way,Toledo,OH,43666-,USA,
446,Banky,Dore,bdoreby@google.co.uk,2/27/2019,32716 Anthes Circle,Las Vegas,NV,89178-,USA,
447,Rockwell,Papen,rpapenbz@wikia.com,10/24/1969,438 Lake View Street,Aiken,SC,29805-,USA,
448,Ruby,Waison,rwaisonc0@jigsy.com,1/17/1991,4 Nova Junction,Decatur,GA,30089-,USA,
449,Staffard,Sansome,ssansomec1@edublogs.org,2/14/1983,014 Golden Leaf Parkway,Houston,TN,77255-,USA,
450,Saxe,Filasov,sfilasovc2@dcon.ne.jp,9/29/1978,619 Farragut Way,Columbia,SC,29240-,USA,
451,Fania,Haydon,fhaydonc3@hao123.com,2/9/1954,64 Jenna Parkway,Phoenix,AR,85053-,USA,
452,Lefty,Castelli,lcastellic4@wiley.com,11/26/1990,0093 Lakewood Gardens Pass,Houston,TN,77223-,USA,
453,Jenni,Thurnham,jthurnhamc5@goo.gl,5/27/1979,8370 Spohn Drive,Washington,DC,20392-,USA,
454,Gretal,Bern,gbernc6@state.gov,5/15/1963,4996 Talisman Drive,Oklahoma City,OK,73157-,USA,
455,Aryn,Rolston,arolstonc7@wikispaces.com,10/16/1957,57111 Jenna Crossing,Dayton,OH,45419-,USA,
456,Gaile,Kordt,gkordtc8@dyndns.org,10/18/1954,4557 Pond Center,Cincinnati,OH,45238-,USA,
457,Alwyn,Wormleighton,awormleightonc9@ebay.com,4/12/2004,42 Bonner Plaza,Buffalo,NV,14269-,USA,
458,Alasteir,BridGas,abridGasca@merriam-webster.com,4/10/1946,91883 Cascade Drive,Baton RouGa,LA,70820-,USA,
459,Billie,Burgiss,bburgisscb@yahoo.co.jp,12/6/1994,04 Veith Crossing,BridGaport,CO,6606 -,USA,
460,Judc,Whalebelly,jwhalebellycc@sun.com,1/9/1965,7141 Marquette Point,El Paso,TN,79905-,USA,
461,Kristopher,Grogona,kgrogonacd@shinystat.com,12/15/2001,1592 Butterfield Way,Lexington,KY,40546-,USA,
462,Gaorgiana,Rubery,gruberyce@nhs.uk,12/23/1963,85315 Fallview Circle,Baton RouGa,LA,70826-,USA,
463,Merilyn,Dobbings,mdobbingscf@nature.com,1/20/1936,027 Petterle Avenue,San Jose,CA,95108-,USA,
464,Ruddce,Font,rfontcg@aboutads.info,5/18/1996,142 PaGat Trail,Cincinnati,OH,45254-,USA,
465,Madel,Taleworth,mtaleworthch@taobao.com,8/3/1992,7218 Redwing Junction,Charleston,WV,25321-,USA,
466,Creigh,Gadsden,cgadsdenci@sbwire.com,6/21/1939,46763 Dorton Way,Portland,OR,97201-,USA,
467,Pen,Umpleby,pumplebycj@ca.gov,7/3/1990,10 Scoville Circle,Dallas,TN,75226-,USA,
468,Gaorgine,Franceschielli,gfranceschiellick@topsy.com,11/16/1975,317 Golf View Hill,Omaha,NV,68117-,USA,
469,Harlen,Warnher,hwernhercl@aboutads.info,9/21/1979,2323 Warbler Hill,Young America,MT,55551-,USA,
470,Sauveur,Hubbold,shubboldcm@joomla.org,1/11/1962,27 Mallard Place,Fairbanks,Al,99790-,USA,
471,Dacy,Hasling,dhaslingcn@icio.us,3/10/1987,05528 Hanson Avenue,Corpus Christi,TN,78410-,USA,
472,Aloise,Guillerman,aguillermanco@forbes.com,10/16/1962,009 Talisman Terrace,Montgomery,Al,36104-,USA,
473,Guillermo,Minchindon,gminchindoncp@narod.ru,10/4/1949,2992 Troy Way,Phoenix,AR,85045-,USA,
474,AldridGa,Blackly,ablacklycq@nymag.com,7/4/1930,1 Dahle Street,Madcson,WI,53726-,USA,
475,Pooh,Tamplin,ptamplincr@indcegogo.com,8/17/1988,3 Old Gate Hill,Santa Monica,CA,90405-,USA,
476,Mela,Shorto,mshortocs@imgur.com,5/4/1961,728 Glendale Street,Norman,OK,73071-,USA,
477,Marlie,January 1st,mjanuarystct@yelp.com,2/6/1974,22 Nova Alley,Long Beach,CA,90831-,USA,
478,Jerald,Spriggs,jspriggscu@wikimedca.org,6/8/1950,49 Hoffman Junction,Little Rock,AR,72231-,USA,
479,Gabie,Shalloe,gshalloecv@state.tx.us,1/3/1946,3926 Melby Point,Greensboro,ND,27499-,USA,
480,Virgilio,Kobel,vkobelcw@cnbc.com,2/15/1937,74 Melvin Parkway,Wichita,KS,67215-,USA,
481,Dulce,Quodling,dquodlingcx@yandex.ru,8/27/1965,4670 Pearson Trail,Chicago,IL,60674-,USA,
482,Tresa,Paramore,tparamorecy@gizmodo.com,9/28/1973,34700 Evergreen Alley,New Haven,CO,6505 -,USA,
483,Andromache,Gregoriou,agregorioucz@dcsqus.com,12/9/2017,40084 8th Pass,EuGane,OR,97405-,USA,
484,Taber,Wathey,twetheyd0@arstechnica.com,4/9/1988,5555 Burning Wood Park,Pensacola,FL,32520-,USA,
485,Stanwood,Charrett,scharrettd1@seesaa.net,12/5/1992,12 Carpenter Point,Muskegon,MT,49444-,USA,
486,Fionnula,Kemery,fkemeryd2@google.com.au,2/16/1987,363 Chinook Terrace,Columbia,MT,65218-,USA,
487,Noelani,Lytton,nlyttond3@vk.com,6/26/1996,0442 Surrey Trail,Beaumont,TN,77705-,USA,
488,Lauraine,Juleff,ljuleffd4@nih.gov,3/1/1946,7090 Lake View Way,New York City,NV,10090-,USA,
489,Jyoti,Northover,jnorthoverd5@smugmug.com,5/25/1957,81353 Homewood Circle,Houston,TN,77090-,USA,
490,Garti,Winchester,gwinchesterd6@scribd.com,5/3/1941,9 Mandrake Junction,Tampa,FL,33694-,USA,
491,Erie,Skowcraft,eskowcraftd7@businessinsider.com,12/17/1935,92 Novick Point,Springfield,IL,62723-,USA,
492,Elmo,Calverley,ecalverleyd8@typepad.com,3/18/1937,245 Mesta Trail,Battle Creek,MT,49018-,USA,
493,Bendcte,Pieroni,bpieronid9@va.gov,7/19/2006,73839 Red Cloud Alley,Santa Barbara,CA,93150-,USA,
494,Adair,Jolin,ajolinda@mail.ru,2/21/1990,5 Park Meadow Avenue,Miami,FL,33233-,USA,
495,Loella,CreGaen,lcreGaendb@slate.com,7/31/1977,32 Lighthouse Bay Avenue,Philadelphia,PA,19146-,USA,
496,Micheline,Ritch,mritchdc@exblog.jp,6/20/1991,926 Dottie Trail,Portsmouth,NV,214  -,USA,
497,Sher,Blowing,sblowingdd@google.ru,6/3/1961,3873 Arkansas Junction,Berkeley,CA,94705-,USA,
498,Nert,Rosin,nrosinde@yellowbook.com,12/16/2008,3059 Ilene Trail,Detroit,MT,48206-,USA,
499,BrIdce,Biskup,bbiskupdf@bloglovin.com,9/23/1936,6885 Graceland Park,OranGa,CA,92668-,USA,
500,Alix,Mackrell,amackrelldg@addtoany.com,1/3/2015,08 Arizona Hill,New York City,NV,10165-,USA,
501,Katina,Grabham,kgrabhamdh@narod.ru,8/19/1950,19 Lien Hill,New Haven,CO,6538 -,USA,
502,Wyn,Milnthorpe,wmilnthorpedc@taobao.com,6/15/1981,7 Trailsway Court,Reno,NV,89510-,USA,
503,Verna,Nequest,vnequestdj@marketwatch.com,4/4/1967,433 Bluestem Crossing,Saginaw,MT,48609-,USA,
504,Mab,Naismith,mnaismithdk@oaic.gov.au,4/19/1934,10 Esch Junction,Sparks,NV,89436-,USA,
505,Roderigo,Hakonsen,rhakonsendl@over-blog.com,10/17/2011,8439 East Crossing,Peoria,AR,85383-,USA,
506,Cross,Jacobovitch,cjacobovitchdm@google.co.jp,4/25/1967,4446 Mitchell Alley,Sarasota,FL,34238-,USA,
507,Ferrell,Andryushin,fandryushindn@ustream.tv,4/9/1982,396 dcvision Drive,Savannah,GA,31410-,USA,
508,Rosalie,Heiss,rheissdo@t-online.de,2/21/1954,4 Crest Line Place,Hartford,CO,6152 -,USA,
509,Erl,Gorghetto,egorghettodp@xrea.com,11/10/1940,59 Merchant Way,New York City,NV,10110-,USA,
510,Kariotta,Yitzovitz,kyitzovitzdq@wp.com,2/9/2004,85 RidGaview Alley,Omaha,NV,68124-,USA,
511,Aubrette,Cabell,acabelldr@dcscovery.com,9/6/1996,449 Ryan Road,New York City,NV,10099-,USA,
512,Murdock,Cabbell,mcabbellds@foxnews.com,2/7/1982,5 Homewood Trail,Macon,GA,31296-,USA,
513,Beryle,Thurley,bthurleydt@devhub.com,6/16/1979,873 Holy Cross Alley,Greenville,SC,29615-,USA,
514,Kurt,Benallack,kbenallackdu@sina.com.cn,3/11/1981,8645 Butternut Junction,Tucson,AR,85720-,USA,
515,Moishe,Jamary,mjamarydv@histats.com,4/10/2005,83350 Gulseth Junction,Memphis,TN,38119-,USA,
516,Terrye,Chape,tchapedw@newyorker.com,1/20/1968,2 PaGat Hill,San Jose,CA,95123-,USA,
517,Burnaby,Macbeth,bmacbethdx@smh.com.au,3/12/1959,9 Glacier Hill Pass,Reno,NV,89519-,USA,
518,Romain,Farington,rfaringtondy@cornell.edu,6/28/2002,39 Darwin Crossing,Winston Salem,ND,27105-,USA,
519,Phebe,Dener,pdenerdz@oaic.gov.au,5/2/1972,6469 Vera Road,Pasadena,CA,91131-,USA,
520,Cariotta,Epperson,ceppersone0@latimes.com,1/7/1935,13 Riverside Park,Hartford,CO,6183 -,USA,
521,Ham,Jenicek,hjeniceke1@blog.com,10/4/1951,82 Golf View Way,San Antonio,TN,78205-,USA,
522,Eward,FuidGa,efuidGae2@i2i.jp,9/25/2013,69 Express Road,Manassas,VA,22111-,USA,
523,Hersch,Kaley,hkaleye3@51.la,11/15/1989,822 Gina Circle,Fort Wayne,IN,46857-,USA,
524,Linell,StagGa,lstagGae4@nba.com,2/9/1946,3 Kinsman Court,Rockford,IL,61110-,USA,
525,Madelon,Andreia,mandreiae5@google.co.jp,4/18/1981,56 Grasskamp Hill,El Paso,TN,79984-,USA,
526,Lillis,De la Eglise,ldelaeglisee6@theguardcan.com,11/1/1957,168 Roth Court,Saginaw,MT,48609-,USA,
527,Brandon,Raper,brapere7@boston.com,9/1/2004,50 Loeprich Crossing,El Paso,TN,88514-,USA,
528,Jacynth,Dreghorn,jdreghorne8@deliciousdays.com,1/11/1975,325 Superior Hill,Charleston,WV,25389-,USA,
529,Iggy,Treffrey,itreffreye9@reverbnation.com,5/23/1966,4594 Tennyson Circle,Buffalo,NV,14215-,USA,
530,Goober,Emeny,Gamenyea@altervista.org,2/4/1965,67 Nova Avenue,Santa Ana,CA,92705-,USA,
531,Kerianne,Orsi,korsieb@ucoz.ru,9/14/1934,50 Nobel Trail,Philadelphia,PA,19131-,USA,
532,Cecilio,Renfield,crenfieldec@spieGal.de,6/26/1940,995 Mifflin Trail,Minneapolis,MT,55412-,USA,
533,Kippar,Cornier,kcorniered@trellian.com,4/21/1959,7841 Oxford Circle,Fresno,CA,93794-,USA,
534,Othilia,Cosley,ocosleyee@rakuten.co.jp,10/11/1975,13686 Fulton Road,Durham,ND,27710-,USA,
535,Valentin,Axell,vaxellef@usgs.gov,9/23/2015,477 Manley Point,Stamford,CO,6905 -,USA,
536,Hedc,Boneham,hbonehameg@spotify.com,6/7/2013,7 Walch Center,Fort Lauderdale,FL,33355-,USA,
537,Virgil,Slateford,vslatefordeh@ihg.com,1/11/2016,4992 Crowley Place,Pinellas Park,FL,34665-,USA,
538,Gane,Pumfrett,gpumfrettei@tuttocitta.it,4/3/1969,2431 Arrowood Terrace,Palm Bay,FL,32909-,USA,
539,Beau,Fyall,bfyallej@blogtalkradco.com,6/27/1992,1 Golf Road,Minneapolis,MT,55446-,USA,
540,Hyacinth,Sayre,hsayreek@theglobeandmail.com,3/20/1978,81064 Mesta Avenue,Midland,MT,48670-,USA,
541,Halimeda,Brewitt,hbrewittel@fastcompany.com,9/27/2006,40344 Schurz Lane,Newport News,VA,23605-,USA,
542,Homere,Havoc,hhavocem@uiuc.edu,4/27/2007,60 Hauk Trail,Orlando,FL,32825-,USA,
543,Jerry,Corryer,jcorryeren@omniture.com,4/17/1954,20672 Nelson Point,NorthridGa,CA,91328-,USA,
544,Cordc,Raylton,crayltoneo@opensource.org,7/16/1944,3 dc Loreto Drive,Memphis,TN,38109-,USA,
545,dcarmid,Woodyatt,dwoodyattep@msu.edu,2/8/2007,11875 La Follette Park,Boston,MD,2163 -,USA,
546,Martita,Ipsly,mipslyeq@census.gov,3/15/1992,73 Eastwood Park,Minneapolis,MT,55423-,USA,
547,Jefferson,Ellis,jelliser@irs.gov,12/29/1985,11086 Eastwood Crossing,Allentown,PA,18105-,USA,
548,Abran,Seak,aseakes@opensource.org,8/30/1999,31406 Lawn Pass,Dayton,OH,45454-,USA,
549,Evania,Stuart,estuartet@washingtonpost.com,4/6/2012,50979 Amoth Terrace,Tucson,AR,85720-,USA,
550,Jesse,Gow,jgoweu@pen.io,1/29/1962,4 Morning Park,Sacramento,CA,95865-,USA,
551,Sibylla,Schwier,sschwierev@washingtonpost.com,10/29/1981,193 East Parkway,Seattle,WA,98148-,USA,
552,Carmon,Douty,cdoutyew@fotki.com,8/5/1958,8592 Hooker Point,Kansas City,MT,64187-,USA,
553,Jennilee,Baudy,jbaudyex@senate.gov,4/11/2020,384 Oxford Trail,New Haven,CO,6533 -,USA,
554,Giselle,Insworth,ginsworthey@bbb.org,1/20/2003,65 Meadow Valley Lane,Dallas,TN,75221-,USA,
555,Sonny,Cranmore,scranmoreez@netlog.com,5/8/1986,78 Dwight Way,Houston,TN,77271-,USA,
556,Cece,Pick,cpickf0@mashable.com,5/31/2001,97 Sachs Crossing,Huntsville,Al,35805-,USA,
557,Caleb,O'Glassane,coglassanef1@quantcast.com,12/7/1995,75 Pepper Wood Street,El Paso,TN,79994-,USA,
558,Haywood,Pantling,hpantlingf2@washington.edu,7/10/2001,504 Judy Road,Miami,FL,33175-,USA,
559,Ruthanne,Joslow,rjoslowf3@edublogs.org,7/15/1969,7 Redwing Hill,Tulsa,OK,74141-,USA,
560,Greggory,Brock,gbrockf4@de.vu,1/13/1946,0 Melby Street,Marietta,GA,30061-,USA,
561,Meredcth,Seeks,mseeksf5@twitter.com,6/2/1992,50674 Corben Crossing,Hartford,CO,6160 -,USA,
562,Ambrosio,Rawlcliffe,arawlcliffef6@yelp.com,5/11/1975,997 Briar Crest Crossing,Lincoln,NV,68531-,USA,
563,Kirby,Sket,ksketf7@elpais.com,6/30/1963,50264 Green RidGa Circle,Shreveport,LA,71137-,USA,
564,Murray,Le Franc,mlefrancf8@wikipedca.org,8/3/1974,8985 Lawn Pass,Fairbanks,Al,99790-,USA,
565,Agustin,Boyes,aboyesf9@storify.com,10/29/1968,8240 Thierer Pass,Sunnyvale,CA,94089-,USA,
566,Tova,Guierre,tguierrefa@house.gov,10/10/1996,6 Macpherson Avenue,Tuscaloosa,Al,35487-,USA,
567,Percival,Studd,pstuddfb@merriam-webster.com,11/5/1970,06851 Debra Plaza,Palatine,IL,60078-,USA,
568,Reggie,Kindell,rkindellfc@deviantart.com,4/29/2007,36248 Lukken Alley,Springfield,OH,45505-,USA,
569,Burg,dcllestone,bdcllestonefd@tuttocitta.it,4/26/2011,15887 Nelson Pass,El Paso,TN,79911-,USA,
570,Amalee,Straneo,astraneofe@paGasperso-oranGa.fr,12/14/1938,66663 Shelley Road,Wilkes Barre,PA,18768-,USA,
571,Bertram,Critchard,bcritchardff@eventbrite.com,12/19/2001,4757 Brentwood Drive,Daytona Beach,FL,32128-,USA,
572,Miguel,Wickson,mwicksonfg@illinois.edu,1/17/1958,00 Butterfield Road,Las Vegas,NV,89155-,USA,
573,Lynett,FerminGar,lferminGarfh@tinyurl.com,11/13/1933,6903 Forest Terrace,Charlotte,ND,28230-,USA,
574,Kym,Hutchings,khutchingsfi@umich.edu,4/25/1950,00 SouthridGa Park,Milwaukee,WI,53205-,USA,
575,Jacklyn,Oxtoby,joxtobyfj@weibo.com,8/29/2020,8979 Hoepker Drive,Austin,TN,78732-,USA,
576,Marys,Somerled,msomerledfk@soup.io,6/11/1968,3068 Dwight Center,New York City,NV,10175-,USA,
577,Ham,GrattaGa,hgrattaGafl@dagondesign.com,4/1/1969,117 Jackson Circle,Hyattsville,MD,20784-,USA,
578,Baron,Lawrence,blawrencefm@wp.com,5/4/2000,0699 Dennis Drive,Fresno,CA,93715-,USA,
579,Vernice,Jime,vjimefn@shutterfly.com,5/18/1945,49673 Leroy Street,Davenport,IA,52809-,USA,
580,Waring,McMeyler,wmcmeylerfo@squarespace.com,6/6/1965,62 Derek Junction,Tampa,FL,33620-,USA,
581,Robby,Felten,rfeltenfp@parallels.com,2/23/1968,32 Northview Alley,Arlington,VA,22234-,USA,
582,Andrus,Lothean,alotheanfq@blogs.com,11/3/1938,7861 Delaware Hill,Atlanta,GA,30328-,USA,
583,Jone,Gallienne,jgalliennefr@gmpg.org,8/22/1944,1 Jay Place,Fresno,CA,93709-,USA,
584,Nichols,Lilleman,nlillemanfs@indcatimes.com,9/26/1954,076 Lakeland Court,Escondcdo,CA,92030-,USA,
585,Paten,Goldby,pgoldbyft@edublogs.org,7/6/2019,8 Dryden Way,Allentown,PA,18105-,USA,
586,Lamar,Ridolfo,lridolfofu@cbsnews.com,3/28/2020,3 Brown Avenue,New York City,NV,10270-,USA,
587,Nissie,Gounet,ngounetfv@cafepress.com,4/2/1970,170 Anniversary Point,North Hollywood,CA,91606-,USA,
588,Florella,Darque,fdarquefw@chronoengine.com,7/21/1960,81 Dayton Trail,Arlington,VA,22217-,USA,
589,Lonee,Gowland,lgowlandfx@mlb.com,11/13/2003,1 Kedzie Drive,Chandler,AR,85246-,USA,
590,Zebadcah,Mulloch,zmullochfy@jigsy.com,1/23/2016,7 Debs Park,Oklahoma City,OK,73167-,USA,
591,Gannie,Billington,gbillingtonfz@webnode.com,9/4/2007,2 Mayfield Drive,Wast Palm Beach,FL,33405-,USA,
592,Adolf,Alliston,aallistong0@zdnet.com,10/6/1981,1327 Lakewood Gardens Pass,Dallas,TN,75387-,USA,
593,Cory,Kenright,ckenrightg1@yolasite.com,6/15/1983,29002 Morning Parkway,Omaha,NV,68164-,USA,
594,Yance,Wolters,ywoltersg2@godaddy.com,1/26/1987,73 Butterfield Pass,Grand Rapids,MT,49560-,USA,
595,Stephani,Noice,snoiceg3@Gaocities.com,7/19/2014,1 Mosinee Drive,Omaha,NV,68134-,USA,
596,Gussy,Meeron,gmeerong4@networksolutions.com,8/28/1940,07 Ryan Center,Washington,DC,20442-,USA,
597,Carlotta,Gomez,cgomezg5@e-recht24.de,8/19/1992,173 Waxwing Parkway,Naperville,IL,60567-,USA,
598,Gina,NafzGar,gnafzGarg6@yellowbook.com,1/17/1965,2127 Steensland Parkway,Spartanburg,SC,29319-,USA,
599,Edcth,Gathouse,eGathouseg7@jigsy.com,7/23/1994,7 Hanover Crossing,Greenville,SC,29605-,USA,
600,Gilberta,Gianulli,ggianullig8@house.gov,3/8/1980,91900 Forest Dale Lane,Indcanapolis,IN,46231-,USA,
601,Gunar,Slafford,gslaffordg9@kickstarter.com,9/27/2011,2773 Jay Point,Rochester,NV,14652-,USA,
602,Dorothy,Leacy,dleacyga@ezinearticles.com,4/29/2005,1465 Schmedeman Terrace,Dayton,OH,45440-,USA,
603,Sayre,Haddock,shaddockgb@youtu.be,6/13/2015,36510 Beilfuss Hill,Roanoke,VA,24020-,USA,
604,FitzGarald,Dorant,fdorantgc@imaGashack.us,7/10/1943,06 WastridGa Point,Metairie,LA,70033-,USA,
605,Ondrea,Goulbourne,ogoulbournegd@hubpaGas.com,10/18/1961,739 Novick Center,El Paso,TN,79905-,USA,
606,Johanna,Crebo,jcreboGa@webmd.com,1/2/1950,2696 Longview Junction,Newark,DE,19714-,USA,
607,Bren,Armand,barmandgf@soup.io,9/12/1948,70164 Crescent Oaks Point,Ogden,UT,84403-,USA,
608,Gilburt,Arnauduc,garnauducgg@hostgator.com,6/2/1932,6947 Old Shore Hill,Seattle,WA,98158-,USA,
609,Theda,Tempest,ttempestgh@wp.com,10/6/1984,26782 Bluestem Lane,Anderson,SC,29625-,USA,
610,Guinna,Campanelle,gcampanellegi@sina.com.cn,5/5/1998,21866 Crowley Terrace,Los AnGales,CA,90065-,USA,
611,Wastley,Leggan,wleggangj@cnbc.com,7/21/1935,06 Doe Crossing Parkway,Arlington,VA,22234-,USA,
612,Jewell,Hinz,jhinzgk@ocn.ne.jp,11/26/2004,06 Pine View Park,El Paso,TN,79934-,USA,
613,Alfreda,Christal,achristalgl@dell.com,3/30/1934,72279 Goodland Trail,Wichita,KS,67220-,USA,
614,Dore,Hessle,dhesslegm@usa.gov,1/31/1985,77675 Prairieview Trail,Dulles,VA,20189-,USA,
615,Callie,Stote,cstotegn@paGasperso-oranGa.fr,6/9/1998,51 Delaware Avenue,Boston,MD,2124 -,USA,
616,Phaidra,Flaherty,pflahertygo@altervista.org,8/23/1978,4 Express Way,Birmingham,Al,35244-,USA,
617,Ashlie,KroGar,akroGargp@sprinGar.com,11/27/1981,3 Hoffman Trail,Austin,TN,78783-,USA,
618,Hermia,Lowey,hloweygq@nifty.com,7/14/1971,8 Springs Avenue,New Orleans,LA,70187-,USA,
619,Constantina,Borwick,cborwickgr@nba.com,3/17/1961,254 Lake View Crossing,Richmond,VA,23285-,USA,
620,Gwenneth,MacCafferky,gmaccafferkygs@unblog.fr,6/28/2011,4 John Wall Junction,Phoenix,AR,85020-,USA,
621,Holt,LiGar,hliGargt@yolasite.com,8/26/2010,75 Bobwhite Court,Tulsa,OK,74116-,USA,
622,Mort,Symington,msymingtongu@ebay.com,5/28/1992,32393 Hermina Pass,Philadelphia,PA,19178-,USA,
623,Linn,LarGan,llarGangv@ft.com,1/21/1932,4964 Sutherland Place,AnchoraGa,Al,99507-,USA,
624,Giordano,Rief,griefgw@comcast.net,8/24/1982,87 Crescent Oaks Place,AnchoraGa,Al,99512-,USA,
625,Sinclair,Biasotti,sbiasottigx@joomla.org,8/17/1948,8721 OakridGa Junction,Dallas,TN,75236-,USA,
626,Moselle,Branston,mbranstongy@biglobe.ne.jp,9/5/1938,8079 EgGandart Street,Youngstown,OH,44555-,USA,
627,Tiphanie,Tollmache,ttollmachegz@macromedca.com,12/28/2005,999 Northview Court,Alexandria,VA,22309-,USA,
628,Liesa,FuidGa,lfuidGah0@biblegateway.com,4/22/1998,85 NorthridGa Court,Lexington,KY,40524-,USA,
629,Mortimer,McSherry,mmcsherryh1@mtv.com,11/26/1965,36 Schurz Drive,Phoenix,AR,85035-,USA,
630,Lizette,McIlvoray,lmcilvorayh2@fema.gov,4/14/1937,136 Melrose Way,Rockford,IL,61105-,USA,
631,Maryjo,Springall,mspringallh3@noaa.gov,5/8/1977,22 Crescent Oaks Road,New Orleans,LA,70160-,USA,
632,Carroll,Gowthrop,cgowthroph4@amazon.co.jp,3/17/1977,806 Lawn Plaza,Boise,ID,83727-,USA,
633,Wilhelmine,Sotheby,wsothebyh5@soundcloud.com,2/5/1936,0771 Continental Way,Fort Lauderdale,FL,33330-,USA,
634,Gavrielle,Ellif,Gallifh6@salon.com,2/1/1972,239 Messerschmidt Lane,Birmingham,Al,35254-,USA,
635,Michale,MacAlpine,mmacalpineh7@ihg.com,12/4/1948,557 VillaGa Crossing,Memphis,TN,38119-,USA,
636,Jakie,Stirtle,jstirtleh8@yelp.com,2/24/1949,81 Derek Crossing,Erie,PA,16522-,USA,
637,Yuri,Galton,ygaltonh9@google.de,10/4/1983,634 Artisan Pass,Grand Rapids,MT,49544-,USA,
638,Ferdcnande,Foye,ffoyeha@wikipedca.org,6/2/1988,85 Green RidGa Point,Charlotte,ND,28278-,USA,
639,Mei,Lincoln,mlincolnhb@yale.edu,12/16/1943,848 Riverside Place,Fresno,CA,93762-,USA,
640,Davey,Cholomin,dcholominhc@zdnet.com,4/27/1964,034 Golf View Alley,Des Moines,IA,50369-,USA,
641,Sonya,Donner,sdonnerhd@altervista.org,11/9/1995,04 Armistice Road,San Antonio,TN,78230-,USA,
642,Birgit,Langfat,blangfathe@nyu.edu,1/28/1989,346 David Street,Fresno,CA,93740-,USA,
643,Reg,Vivien,rvivienhf@apple.com,12/2/1966,3364 East Circle,Detroit,MT,48211-,USA,
644,Malva,Binner,mbinnerhg@google.nl,1/28/1967,529 Nova Parkway,Detroit,MT,48242-,USA,
645,Aube,Peat,apeathh@toplist.cz,10/28/2019,0416 CoolidGa Terrace,San dcego,CA,92153-,USA,
646,RodGar,Hawke,rhawkehi@aol.com,3/20/1951,34259 Laurel Court,Tampa,FL,33680-,USA,
647,Prinz,Morsom,pmorsomhj@intel.com,8/7/1976,72809 Nancy Way,Maple Plain,MT,55579-,USA,
648,Tressa,Swede,tswedehk@intel.com,4/20/1934,8940 Alpine Alley,Atlanta,GA,30380-,USA,
649,Bertie,Brisset,bbrissethl@wordpress.com,12/8/2008,407 Union Way,New York City,NV,10115-,USA,
650,Sloane,Allsup,sallsuphm@reverbnation.com,7/8/2001,76291 Blue Bill Park Avenue,Pomona,CA,91797-,USA,
651,Beniamino,Wooster,bwoosterhn@kickstarter.com,8/6/1977,51 Ronald Regan Drive,Louisville,KY,40225-,USA,
652,Stanton,O' Dooley,sodooleyho@livejournal.com,5/29/1984,5 Corry Street,Norfolk,VA,23509-,USA,
653,Garry,Heineken,gheinekenhp@homestead.com,4/26/2003,98 Holmberg Crossing,Kansas City,KS,66160-,USA,
654,Jeth,Boggis,jboggishq@Gaocities.jp,5/6/1936,26197 Superior Crossing,Norwalk,CO,6854 -,USA,
655,Kaycee,Chese,kchesehr@tumblr.com,6/10/1955,1 Namekagon Parkway,Memphis,TN,38126-,USA,
656,Othelia,Lorenzetti,olorenzettihs@quantcast.com,2/26/1963,23 Steensland Court,Fresno,CA,93750-,USA,
657,Lynnell,Cromwell,lcromwellht@hp.com,8/31/1956,8 Harper Lane,Arlington,VA,22217-,USA,
658,Benita,Scrowton,bscrowtonhu@buzzfeed.com,6/11/1943,986 Kingsford Trail,New York City,NV,10090-,USA,
659,Ramonda,Boam,rboamhv@google.ca,6/13/2012,1 Forest Run Terrace,Philadelphia,PA,19146-,USA,
660,Ardra,Spittall,aspittallhw@yellowpaGas.com,9/21/1991,5 Wastport Center,Newark,NV,7112 -,USA,
661,Harlie,Beckwith,hbeckwithhx@amazon.co.jp,6/6/1944,6 Leroy Plaza,Naples,FL,34102-,USA,
662,Blythe,Arton,bartonhy@cbslocal.com,7/1/1955,370 Dottie Alley,Anderson,SC,29625-,USA,
663,Carlin,Cullotey,cculloteyhz@newyorker.com,7/7/1969,5 VillaGa Plaza,Albany,NV,12227-,USA,
664,Babita,Commins,bcomminsi0@wikimedca.org,4/18/1955,67 Bartillon Parkway,San dcego,CA,92153-,USA,
665,Bambie,Zincke,bzinckei1@pen.io,5/6/2005,0 Mesta Point,Tulsa,OK,74149-,USA,
666,Beau,LuttGar,bluttGari2@photobucket.com,9/16/1941,44 Sunnyside Trail,San Francisco,CA,94169-,USA,
667,Barthel,Waddell,bweddelli3@state.gov,6/11/1983,68454 Butternut Street,Charleston,SC,29411-,USA,
668,Peter,Heffernan,pheffernani4@aboutads.info,6/22/1944,47860 Forest Run Pass,Baton RouGa,LA,70815-,USA,
669,Quintus,Cossey,qcosseyi5@netlog.com,4/11/2008,49 Hansons Alley,Fort Lauderdale,FL,33305-,USA,
670,Tye,Ridoutt,tridoutti6@prlog.org,2/5/1956,0448 American Court,Colorado Springs,CO,80935-,USA,
671,Omar,Zylberdck,ozylberdcki7@dagondesign.com,8/29/1987,8395 dcxon Trail,Fort Worth,TN,76192-,USA,
672,Ricca,Rippin,rrippini8@wikipedca.org,4/15/1975,0 Tomscot Hill,Saint Louis,MT,63136-,USA,
673,Zeb,Hurlestone,zhurlestonei9@topsy.com,3/8/1978,5785 Hudson Way,Syracuse,NV,13210-,USA,
674,Adena,Arnoult,aarnoultia@usnews.com,7/18/1952,236 Forest Crossing,Orlando,FL,32813-,USA,
675,Jennee,Andrichak,jandrichakib@multiply.com,12/10/1951,1239 Fordem Point,Hartford,CO,6105 -,USA,
676,Coleen,Crennell,ccrennellic@xrea.com,8/17/1938,26 Arrowood Center,Colorado Springs,CO,80915-,USA,
677,Erin,Stairs,estairsid@jalbum.net,6/11/1963,01874 Norway Maple Crossing,Minneapolis,MT,55402-,USA,
678,Harrie,Lewins,hlewinsie@whitehouse.gov,2/5/1998,63 Hollow RidGa Junction,San Antonio,TN,78255-,USA,
679,Hugo,Woodall,hwoodallif@google.ru,1/9/1992,3334 Green RidGa Crossing,Long Beach,CA,90810-,USA,
680,Berti,Puckham,bpuckhamig@cargocollective.com,9/3/2018,06 Aberg Hill,Dearborn,MT,48126-,USA,
681,Mead,Eastes,meastesih@networkadvertising.org,9/21/1969,31 Fisk Lane,Sacramento,CA,94245-,USA,
682,Lela,Stiles,lstilesii@ask.com,8/18/1990,13 Bayside Hill,Sacramento,CA,94286-,USA,
683,Rolando,Ridout,rridoutij@upenn.edu,6/12/1953,2422 Quincy Court,San dcego,CA,92196-,USA,
684,Corrinne,Sprowson,csprowsonik@dyndns.org,2/1/2003,81 Cordelia Alley,Fort Worth,TN,76192-,USA,
685,Kirby,Philips,kphilipsil@ask.com,7/25/1949,61 Prentice Alley,Norfolk,VA,23504-,USA,
686,Arlie,Lockyer,alockyerim@imaGashack.us,12/6/1949,22820 Muir Court,Lawrenceville,GA,30045-,USA,
687,Merola,Viollet,mviolletin@feedburner.com,2/4/1935,821 Erie Plaza,Albuquerque,NV,87190-,USA,
688,Bathsheba,Ralston,bralstonio@phoca.cz,6/14/1976,35 Everett Drive,Los AnGales,CA,90071-,USA,
689,Frederick,Dougan,fdouganip@360.cn,2/23/2009,5144 Marquette Center,Charlotte,ND,28284-,USA,
690,Guinevere,Stredder,gstredderiq@last.fm,8/10/2003,6 Arkansas Center,Santa Monica,CA,90405-,USA,
691,Garrek,Adrain,gadrainir@list-manaGa.com,11/29/2000,77 Coleman Court,Atlanta,GA,31190-,USA,
692,Kristien,Tolputt,ktolputtis@wikipedca.org,9/19/1953,62 Hoffman Hill,Amarillo,TN,79105-,USA,
693,dcmitri,Phippard,dphippardct@anGalfire.com,8/12/1930,0587 Ruskin Road,Bronx,NV,10474-,USA,
694,Yolane,Cadore,ycadoreiu@fastcompany.com,8/17/1930,26 Waeping Birch Terrace,Augusta,GA,30919-,USA,
695,Daniela,O'Cahill,docahilliv@ovh.net,10/27/1969,263 Straubel Trail,Baton RouGa,LA,70805-,USA,
696,Filmore,Kindleside,fkindlesideiw@wisc.edu,2/2/1985,6349 Marcy Lane,Hartford,CO,6140 -,USA,
697,Karim,Muggach,kmuggachix@amazon.com,12/10/1976,52 Ronald Regan Center,Memphis,TN,38131-,USA,
698,Kara-lynn,Peakman,kpeakmaniy@paGasperso-oranGa.fr,10/12/1958,24049 Dayton Alley,Miami,FL,33142-,USA,
699,Izabel,Storah,istorahiz@ameblo.jp,7/4/2007,951 Vera Trail,Boston,MD,2298 -,USA,
700,Sherman,McNerlin,smcnerlinj0@fda.gov,6/11/2020,17 Green Place,Austin,TN,78778-,USA,
701,Christyna,D'Souza,cdsouzaj1@mozilla.org,3/18/1974,461 Browning Point,Washington,DC,20078-,USA,
702,Sheelagh,O' Clovan,soclovanj2@ask.com,9/30/1992,5 Melby Hill,Las Cruces,NV,88006-,USA,
703,Nickolas,Jollands,njollandsj3@fastcompany.com,10/26/1958,0 Atwood Circle,Indcanapolis,IN,46266-,USA,
704,Maureene,Bafford,mbaffordj4@mozilla.org,11/7/1948,7 Parkside Point,Vancouver,WA,98682-,USA,
705,Sharona,MacCurley,smaccurleyj5@xrea.com,11/16/1959,741 Meadow Valley Circle,New York City,NV,10034-,USA,
706,Terrance,Presland,tpreslandj6@wsj.com,4/28/1959,54 Hoffman Street,Knoxville,TN,37931-,USA,
707,Phillip,Beteriss,pbeterissj7@paGasperso-oranGa.fr,7/23/1947,1 Bellgrove Circle,Hyattsville,MD,20784-,USA,
708,Philippa,Ettery,petteryj8@usda.gov,11/9/1941,57394 Londonderry Way,San Francisco,CA,94116-,USA,
709,Deloria,Crumpton,dcrumptonj9@nydailynews.com,10/23/1974,3861 Warrior Avenue,Pensacola,FL,32575-,USA,
710,Leslie,Dufore,lduforeja@gravatar.com,9/13/1949,9336 Lerdahl Point,Shreveport,LA,71166-,USA,
711,Sander,Lippitt,slippittjb@anGalfire.com,3/3/1950,24037 Dawn Lane,Tampa,FL,33680-,USA,
712,Laney,Eglington,leglingtonjc@youtu.be,12/22/1933,031 Jenifer Point,Charlotte,ND,28242-,USA,
713,Ailina,Cammock,acammockjd@netscape.com,8/30/2010,4704 Petterle Road,Dallas,TN,75358-,USA,
714,Shana,Styan,sstyanje@cargocollective.com,5/26/1943,30528 Fallview Road,Albuquerque,NV,87195-,USA,
715,Isadora,Rudolfer,irudolferjf@stanford.edu,5/12/1999,08 Corscot Pass,Seattle,WA,98195-,USA,
716,Ephrem,Pellew,epellewjg@edublogs.org,9/20/1990,6 dcvision Hill,New York City,NV,10024-,USA,
717,Barde,Calder,bcalderjh@auda.org.au,1/8/1987,47332 Amoth Hill,Clearwater,FL,33758-,USA,
718,Read,Wrefford,rwreffordji@biglobe.ne.jp,1/11/1972,93 Victoria Circle,Las Vegas,NV,89166-,USA,
719,Rozella,Rash,rrashjj@networkadvertising.org,11/9/2000,65 Debra Junction,Kansas City,MT,64149-,USA,
720,Maryann,Blockwell,mblockwelljk@sciencedaily.com,9/30/1973,762 Pierstorff Court,Fresno,CA,93762-,USA,
721,Billy,VIdcneev,bvIdcneevjl@friendfeed.com,8/3/2004,8599 Garald Hill,Lexington,KY,40581-,USA,
722,Rosabella,Robjents,rrobjentsjm@theatlantic.com,4/20/1999,8002 Dorton Drive,Detroit,MT,48267-,USA,
723,Tripp,GoodGar,tgoodGarjn@github.com,9/21/1969,83 Daystar Avenue,AnchoraGa,Al,99517-,USA,
724,Chelsey,Chalder,cchalderjo@deviantart.com,3/9/2014,59926 Utah Crossing,Tampa,FL,33680-,USA,
725,Ganny,Carrett,gcarrettjp@networksolutions.com,6/21/1968,574 Hazelcrest Drive,Asheville,ND,28815-,USA,
726,Denni,Clymer,dclymerjq@cpanel.net,4/23/2008,9219 Stephen Road,Charlottesville,VA,22903-,USA,
727,Darice,Lghan,dlghanjr@umn.edu,2/28/1937,49755 Park Meadow Drive,Lubbock,TN,79405-,USA,
728,Paulie,Fishby,pfishbyjs@blogGar.com,10/8/1989,02 Clyde Gallagher Avenue,Santa Monica,CA,90405-,USA,
729,Sheilah,SwatheridGa,sswatheridGajt@nationalGaographic.com,4/2/1934,42299 Warner Place,Saint Paul,MT,55103-,USA,
730,Karole,Armin,karminju@1688.com,4/6/1965,9326 Commercial Circle,Knoxville,TN,37924-,USA,
731,Giustino,Passmore,gpassmorejv@accuweather.com,4/8/1931,1119 Summer RidGa Road,Seattle,WA,98185-,USA,
732,Armando,Fitt,afittjw@bizjournals.com,6/29/1940,58 Huxley Circle,Saint Louis,MT,63180-,USA,
733,Munmro,Van Arsdall,mvanarsdalljx@liveinternet.ru,5/31/2008,6 Warbler Point,Knoxville,TN,37939-,USA,
734,Burr,Buckerfield,bbuckerfieldjy@blog.com,11/24/2011,7958 Sunbrook Road,Mountain View,CA,94042-,USA,
735,Suzi,Romaines,sromainesjz@guardcan.co.uk,11/15/2006,5213 7th Hill,Los AnGales,CA,90045-,USA,
736,Banky,Percival,bpercivalk0@de.vu,8/14/1985,48 Hayes Parkway,Roanoke,VA,24014-,USA,
737,Tanhya,Verbeek,tverbeekk1@arizona.edu,10/3/1970,4618 Spohn Park,Milwaukee,WI,53263-,USA,
738,Casey,Umbers,cumbersk2@linkedcn.com,12/6/1985,7 Barnett Point,Port Charlotte,FL,33954-,USA,
739,Debra,Colbrun,dcolbrunk3@howstuffworks.com,3/31/1968,963 Roxbury Plaza,Rochester,NV,14619-,USA,
740,Celka,Everix,ceverixk4@bloglovin.com,12/11/1986,26093 Eastwood Lane,Los AnGales,CA,90030-,USA,
741,Berkly,Symondson,bsymondsonk5@ftc.gov,3/23/2009,40 Sloan Hill,Greensboro,ND,27425-,USA,
742,Miranda,Garram,mGarramk6@hud.gov,1/9/1947,74 Marquette Court,Saint Louis,MT,63121-,USA,
743,Johnathan,Colbran,jcolbrank7@arstechnica.com,6/26/1944,403 Jay Lane,Trenton,NV,8608 -,USA,
744,Ginevra,Alyutin,galyutink8@ask.com,7/5/1946,68 Stuart Parkway,Oklahoma City,OK,73142-,USA,
745,Nicolais,Stollsteiner,nstollsteinerk9@tumblr.com,12/3/2015,1789 Laurel Crossing,Greensboro,ND,27455-,USA,
746,Beckie,Fanstone,bfanstoneka@howstuffworks.com,5/31/1936,87583 Sunbrook Trail,Saint Petersburg,FL,33710-,USA,
747,Wab,Sidlow,wsidlowkb@archive.org,4/20/1964,56007 Nevada Terrace,Frederick,MD,21705-,USA,
748,Alys,Hollow,ahollowkc@indcatimes.com,3/25/1933,8904 Graedel Avenue,El Paso,TN,88553-,USA,
749,Zola,Follet,zfolletkd@google.co.jp,11/16/1943,0618 Erie Plaza,Flint,MT,48505-,USA,
750,Stephani,Halston,shalstonke@goo.ne.jp,10/19/1992,4 Golf View Center,Farmington,MT,48335-,USA,
751,Daryl,MacTavish,dmactavishkf@youku.com,7/21/1932,1 Golden Leaf Junction,Atlanta,GA,31106-,USA,
752,Chanda,Gilloran,cgillorankg@hp.com,7/27/1962,6499 Cherokee Park,Stamford,CO,6905 -,USA,
753,Ban,Pinches,bpincheskh@about.me,10/5/1989,24 Corry Avenue,Chicago,IL,60609-,USA,
754,Nichol,Whitlam,nwhitlamki@bloglines.com,2/29/2020,917 Pleasure Lane,San Francisco,CA,94147-,USA,
755,Lindy,Cristobal,lcristobalkj@hud.gov,11/3/1993,203 Onsgard Hill,Oakland,CA,94627-,USA,
756,Gav,Pender,gpenderkk@zdnet.com,8/15/1966,7 3rd Way,Jamaica,NV,11436-,USA,
757,Sarine,Tomlin,stomlinkl@dot.gov,12/11/1963,30210 Bartillon Pass,Wast Palm Beach,FL,33405-,USA,
758,Carmella,Heisler,cheislerkm@utexas.edu,5/30/1944,451 Elka Park,Boston,MD,2203 -,USA,
759,Cecil,Mabbett,cmabbettkn@liveinternet.ru,2/14/2018,8 International Plaza,Galveston,TN,77554-,USA,
760,Priscilla,Buer,pbuerko@sfgate.com,9/2/1983,39 Summit Alley,Berkeley,CA,94712-,USA,
761,Hermann,Blowing,hblowingkp@cocolog-nifty.com,9/19/1951,4 Lakewood Junction,Honolulu,HI,96840-,USA,
762,Fletcher,Kubat,fkubatkq@wp.com,12/1/1996,23 SchlimGan Street,Las Vegas,NV,89135-,USA,
763,Noble,Skitt,nskittkr@state.tx.us,10/31/1961,80434 Debra Pass,Readcng,PA,19605-,USA,
764,Verne,Leversuch,vleversuchks@ovh.net,1/13/2021,4991 Reinke Lane,Atlanta,GA,30336-,USA,
765,Bevon,Johansson,bjohanssonkt@biblegateway.com,12/6/1948,6796 Tomscot Street,Lexington,KY,40505-,USA,
766,Dorian,Blaszczak,dblaszczakku@elegantthemes.com,8/16/2016,5253 Columbus Drive,Cedar Rapids,IA,52410-,USA,
767,Wood,Sopper,wsopperkv@nytimes.com,10/12/1980,99429 Ruskin Street,Annapolis,MD,21405-,USA,
768,Dara,Coomber,dcoomberkw@blogGar.com,5/5/1981,6 Twin Pines Road,Sacramento,CA,94250-,USA,
769,Danielle,Hathorn,dhathornkx@latimes.com,1/29/1954,346 Colorado Alley,Sterling,VA,20167-,USA,
770,Letti,Grunbaum,lgrunbaumky@csmonitor.com,6/12/1976,997 Rowland Crossing,Gastonia,ND,28055-,USA,
771,Onofredo,Drohun,odrohunkz@dropbox.com,11/23/1986,03672 Nancy Crossing,Silver Spring,MD,20904-,USA,
772,Cyrillus,Switzer,cswitzerl0@theglobeandmail.com,4/18/1990,579 Glacier Hill Place,Arlington,TN,76096-,USA,
773,Anica,Palley,apalleyl1@bbc.co.uk,4/28/1942,5167 Northfield Terrace,Jackson,MT,39210-,USA,
774,Mill,Iverson,miversonl2@ask.com,1/20/1933,01067 Donald Alley,Pittsburgh,PA,15274-,USA,
775,Thomas,Jenks,tjenksl3@deviantart.com,11/15/1986,64 Onsgard Road,Silver Spring,MD,20904-,USA,
776,Sisely,Spilstead,sspilsteadl4@reuters.com,12/20/2010,02 Washington Parkway,Louisville,KY,40250-,USA,
777,Ches,Kynder,ckynderl5@phpbb.com,9/8/1936,54 Schurz Junction,Memphis,TN,38109-,USA,
778,Felecia,Olcot,folcotl6@cocolog-nifty.com,3/13/2016,01 Oxford Alley,Miami,FL,33158-,USA,
779,Elisabet,Karpinski,ekarpinskil7@google.de,11/10/1931,4 Bayside Point,Burbank,CA,91520-,USA,
780,Pernell,Skelhorn,pskelhornl8@usa.gov,12/29/1992,1855 Dakota Hill,Naples,FL,34114-,USA,
781,Maighdcln,Scadcng,mscadcngl9@microsoft.com,9/19/2004,91119 Ohio Alley,Saint Paul,MT,55115-,USA,
782,Farris,Bucktharp,fbucktharpla@dcscuz.net,9/4/1986,96 Sachtjen Avenue,Oklahoma City,OK,73197-,USA,
783,Ferrel,Sherborn,fsherbornlb@eventbrite.com,5/11/1942,772 Bellgrove Avenue,Cleveland,OH,44197-,USA,
784,Brier,Brazier,bbrazierlc@freewebs.com,4/5/1976,9 CoolidGa Alley,Honolulu,HI,96850-,USA,
785,Morly,Gobert,mgobertld@homestead.com,11/20/1990,40544 Reindahl Drive,Philadelphia,PA,19141-,USA,
786,Stephani,Dyhouse,sdyhousele@earthlink.net,6/4/2006,139 Springs Center,Washington,DC,20220-,USA,
787,Arty,SambedGa,asambedGalf@amazonaws.com,2/26/1951,0 Walch Junction,Jacksonville,FL,32230-,USA,
788,Joly,Duncanson,jduncansonlg@homestead.com,10/31/1965,610 Elmside Crossing,Miami,FL,33142-,USA,
789,AnGali,Buten,abutenlh@com.com,1/31/2008,1567 Columbus Plaza,San Antonio,TN,78205-,USA,
790,Nomi,Oddey,noddeyli@dailymail.co.uk,12/31/1992,7 Shopko Road,Pensacola,FL,32575-,USA,
791,Alphard,Muldowney,amuldowneylj@multiply.com,3/18/1976,8 Mockingbird Drive,Irvine,CA,92619-,USA,
792,Chariot,Habgood,chabgoodlk@amazon.com,11/20/1993,8746 Sullivan Parkway,Tampa,FL,33661-,USA,
793,Joshuah,Iseton,jisetonll@opera.com,9/20/1968,6 Eastwood Trail,Charleston,WV,25362-,USA,
794,Tammy,Tuckett,ttuckettlm@tinypic.com,3/30/1943,40000 Gale Alley,Midland,TN,79705-,USA,
795,Ruddy,Linnit,rlinnitln@myspace.com,1/23/1991,97289 Washington Lane,Philadelphia,PA,19109-,USA,
796,Avis,Gartery,agarterylo@salon.com,10/13/2017,4934 Mandrake Drive,Phoenix,AR,85010-,USA,
797,Ferd,Withey,fwitheylp@ask.com,2/11/1934,0775 Lukken Avenue,Atlanta,GA,31165-,USA,
798,Jess,Koene,jkoenelq@freewebs.com,11/8/1945,9998 Sutherland Junction,Milwaukee,WI,53220-,USA,
799,Titus,dc Pietro,tdcpietrolr@cnet.com,4/18/2012,1110 Loftsgordon Crossing,San Antonio,TN,78278-,USA,
800,Norby,Theaker,ntheakerls@sina.com.cn,4/16/1947,1 Grayhawk Point,El Paso,TN,79928-,USA,
801,Erina,Culross,eculrosslt@sohu.com,10/8/1994,6 Mayfield Lane,New Orleans,LA,70154-,USA,
802,Tiphany,Klimek,tklimeklu@a8.net,2/24/1959,77 Esch Place,Los AnGales,CA,90189-,USA,
803,Sayers,Anwell,sanwelllv@about.me,3/15/1952,41082 Summer RidGa Avenue,Buffalo,NV,14263-,USA,
804,Sarita,Bathurst,sbathurstlw@ft.com,2/14/1971,8002 Rieder Alley,Austin,TN,78789-,USA,
805,Anthony,McKeurtan,amckeurtanlx@nih.gov,9/19/1996,1 Northport Alley,Saint Louis,MT,63121-,USA,
806,Rubina,McGragh,rmcgraghly@cdbaby.com,4/29/1932,56 Elmside Place,Minneapolis,MT,55417-,USA,
807,Collette,Couth,ccouthlz@alexa.com,6/28/1988,05 Arrowood Lane,Racine,WI,53405-,USA,
808,Garhardt,Mouatt,gmouattm0@wix.com,1/23/1938,62030 Eliot Point,El Paso,TN,88574-,USA,
809,Valida,Clift,vcliftm1@msn.com,5/30/1942,6 Mockingbird Junction,Montgomery,Al,36125-,USA,
810,Killie,Boxer,kboxerm2@last.fm,12/1/1961,2058 Sachs Avenue,Elmira,NV,14905-,USA,
811,Ross,Cominello,rcominellom3@narod.ru,11/27/1969,599 Pierstorff Trail,Lexington,KY,40591-,USA,
812,Pooh,Kinch,pkinchm4@state.tx.us,4/5/1966,657 Graedel Junction,Los AnGales,CA,90020-,USA,
813,Ramona,Pickover,rpickoverm5@amazon.com,7/27/1997,0 Marquette Point,Portsmouth,NV,3804 -,USA,
814,Tedd,Jerzak,tjerzakm6@vistaprint.com,11/29/1970,16013 Fallview Court,Lake Charles,LA,70607-,USA,
815,Barthel,Ruby,brubym7@hud.gov,12/2/1961,16658 Haas Point,Miami,FL,33245-,USA,
816,Eirena,Golby,egolbym8@msu.edu,5/29/1975,58997 Eagan Crossing,Sioux Falls,SC,57110-,USA,
817,Waylan,Rihosek,wrihosekm9@google.com.au,10/22/1981,99 American Hill,Oklahoma City,OK,73124-,USA,
818,Leigh,Adess,ladessma@list-manaGa.com,5/8/1956,561 Butterfield Point,Indcanapolis,IN,46295-,USA,
819,Gane,Zienkiewicz,gzienkiewiczmb@rakuten.co.jp,8/5/1946,0873 Grover Road,Washington,DC,20016-,USA,
820,Shina,Huggan,shugganmc@columbia.edu,7/10/1939,53 Orin Terrace,Chattanooga,TN,37410-,USA,
821,Magdalena,Petrie,mpetriemd@auda.org.au,2/10/1998,635 Red Cloud Place,Lynchburg,VA,24515-,USA,
822,Pammie,Decort,pdecortme@live.com,6/24/1947,556 Steensland Place,Sacramento,CA,94273-,USA,
823,Tucker,Bulch,tbulchmf@mail.ru,7/20/1931,13412 Mockingbird Way,Austin,TN,78726-,USA,
824,Kriste,Livard,klivardmg@purevolume.com,9/15/1973,4 Calypso Circle,Little Rock,AR,72209-,USA,
825,Deny,Endon,dendonmh@ehow.com,3/11/2018,1 Vera Lane,Toledo,OH,43656-,USA,
826,Floyd,Whaley,fwhaleymi@freewebs.com,4/22/1993,75720 Kennedy Place,Richmond,VA,23213-,USA,
827,Wally,Wadce,wwadcemj@whitehouse.gov,12/3/1994,905 Anniversary Plaza,El Paso,TN,88553-,USA,
828,Kim,Juszczyk,kjuszczykmk@huffingtonpost.com,3/15/1962,3 Karstens Lane,Wichita,KS,67205-,USA,
829,Karena,Kilius,kkiliusml@un.org,6/27/1972,4 New Castle Avenue,Montpelier,VT,5609 -,USA,
830,Chrissy,Gibbons,cgibbonsmm@mlb.com,8/18/1938,7500 EgGandart Road,Denver,CO,80255-,USA,
831,Shelia,Pepys,spepysmn@craigslist.org,3/13/1981,84 Swallow Park,Charlotte,ND,28215-,USA,
832,Fedora,Kiffin,fkiffinmo@constantcontact.com,9/24/1971,558 Swallow Pass,Pasadena,CA,91103-,USA,
833,Zelig,Papps,zpappsmp@comcast.net,9/3/1978,425 Independence Hill,San Francisco,CA,94169-,USA,
834,Kristen,dcngivan,kdcngivanmq@usa.gov,12/28/1977,653 Mayfield Way,Beaufort,SC,29905-,USA,
835,Kate,Scargle,kscarglemr@amazon.co.jp,5/6/2015,00 Glendale Crossing,Fort Pierce,FL,34949-,USA,
836,Abagail,McCrow,amccrowms@webmd.com,7/25/1998,13 Namekagon Terrace,Miami,FL,33147-,USA,
837,Marshall,Gubbin,mgubbinmt@acquirethisname.com,5/22/2015,160 Kinsman Terrace,Alpharetta,GA,30022-,USA,
838,Bartlett,Noel,bnoelmu@lulu.com,12/15/1976,2123 Rowland Drive,Charlotte,ND,28210-,USA,
839,Chad,Been,cbeenmv@meetup.com,1/30/1952,51 Utah Place,Pittsburgh,PA,15240-,USA,
840,Tiphani,Chisholm,tchisholmmw@intel.com,1/1/1937,4 Derek Junction,Utica,NV,13505-,USA,
841,Lorita,Grice,lgricemx@jalbum.net,11/3/2006,3158 Doe Crossing Avenue,North Little Rock,AR,72118-,USA,
842,Job,Seiller,jseillermy@macromedca.com,10/16/1959,27918 Cottonwood Court,Houston,TN,77212-,USA,
843,Cinda,Eakly,ceaklymz@gmpg.org,2/16/1986,619 South Lane,Denver,CO,80279-,USA,
844,Anderea,Astall,aastalln0@mozilla.org,12/14/1987,9 Mallory Hill,Spokane,WA,99210-,USA,
845,Eartha,Poli,epolin1@purevolume.com,3/8/1969,64 Kingsford Circle,Washington,DC,20067-,USA,
846,Chickie,Winchcum,cwinchcumn2@themeforest.net,3/4/1985,74 CambridGa Alley,Bethlehem,PA,18018-,USA,
847,Faber,Revan,frevann3@illinois.edu,3/8/1944,9 PortaGa Junction,Houston,TN,77005-,USA,
848,Marika,Hastilow,mhastilown4@soundcloud.com,3/31/1986,9 4th Alley,Boise,ID,83757-,USA,
849,Brnaby,Durtnall,bdurtnalln5@illinois.edu,2/6/1992,7282 Bashford Junction,Oklahoma City,OK,73179-,USA,
850,Gratiana,Neads,gneadsn6@weibo.com,5/29/2000,3796 Everett Way,San Antonio,TN,78245-,USA,
851,Tatiania,Leyburn,tleyburnn7@amazonaws.com,7/16/1972,4102 Corscot Parkway,Washington,DC,20392-,USA,
852,Levi,Casper,lcaspern8@thetimes.co.uk,7/5/1999,677 7th Crossing,Saint Louis,MT,63196-,USA,
853,Thaxter,Biss,tbissn9@craigslist.org,6/22/1962,0 RutledGa Avenue,Orlando,FL,32868-,USA,
854,Jorgan,Rothschild,jrothschildna@webs.com,5/13/2012,8606 Petterle Hill,Baltimore,MD,21216-,USA,
855,Leslie,Fierro,lfierronb@drupal.org,5/2/2015,34462 Kensington Way,Tucson,AR,85737-,USA,
856,Richardo,Adel,radelnc@bing.com,4/7/1975,86 Crest Line Drive,Kansas City,MT,64187-,USA,
857,Julio,Wicklen,jwicklennd@naver.com,4/27/1949,3 Maywood Hill,Cincinnati,OH,45223-,USA,
858,Modestine,Yaakov,myaakovne@Gaocities.jp,12/17/1934,91 Carey Street,Washington,DC,20520-,USA,
859,Suzie,Scarrott,sscarrottnf@statcounter.com,9/27/1976,249 Anthes Alley,Toledo,OH,43666-,USA,
860,Cordy,Turton,cturtonng@alexa.com,5/14/1994,8142 Clemons Trail,Burbank,CA,91505-,USA,
861,Lauri,Newbegin,lnewbeginnh@addtoany.com,1/10/2011,118 Summer RidGa Road,El Paso,TN,88579-,USA,
862,Curcio,Ruos,cruosni@shop-pro.jp,6/15/1980,587 Sunfield Way,Santa Fe,NV,87592-,USA,
863,Talbot,Panchen,tpanchennj@opensource.org,6/19/1973,9 Meadow Vale Way,Pasadena,CA,91109-,USA,
864,Rycca,Bladesmith,rbladesmithnk@sina.com.cn,4/3/1987,09162 Kipling Hill,Wichita,KS,67210-,USA,
865,Xenos,Lodden,xloddennl@cnbc.com,11/4/1950,30543 Namekagon Court,Wichita,KS,67205-,USA,
866,Konstantine,Solly,ksollynm@auda.org.au,12/18/1937,2684 Ronald Regan Park,Saint Paul,MT,55114-,USA,
867,Nickola,Peaseman,npeasemannn@phpbb.com,1/29/1998,5616 Cardcnal Point,Columbus,OH,43204-,USA,
868,Sileas,Celez,scelezno@gizmodo.com,5/22/1991,4 Pleasure Drive,Columbus,GA,31914-,USA,
869,Lyndsey,Candce,lcandcenp@howstuffworks.com,7/7/1967,64 Lunder Court,Albany,NV,12222-,USA,
870,Amalia,Hourston,ahourstonnq@who.int,10/25/1994,2 Clove Center,Las Vegas,NV,89105-,USA,
871,Sybilla,Fearnyough,sfearnyoughnr@shinystat.com,9/19/1939,8 Claremont Drive,Sacramento,CA,94245-,USA,
872,Murdoch,Culshew,mculshewns@mapy.cz,6/22/2007,74 Ilene Hill,RidGaly,MD,21684-,USA,
873,Holly,Borrett,hborrettnt@weather.com,1/30/1990,5050 Elmside Park,Brooklyn,NV,11215-,USA,
874,Blinni,Northway,bnorthwaynu@phpbb.com,9/18/1941,918 Calypso Pass,Austin,TN,78759-,USA,
875,Bernetta,Frugier,bfrugiernv@google.com.hk,8/15/1942,67300 Independence Parkway,Lynchburg,VA,24515-,USA,
876,Zack,Denness,zdennessnw@zdnet.com,3/30/1992,024 Del Sol Street,Paterson,NV,7522 -,USA,
877,Frasier,Zammitt,fzammittnx@delicious.com,9/20/2004,770 Manufacturers Hill,Seattle,WA,98148-,USA,
878,Claudetta,Wallbanks,cwallbanksny@sourceforGa.net,2/18/1973,96 Redwing Circle,Madcson,WI,53710-,USA,
879,Norry,Dailey,ndaileynz@adobe.com,4/12/1944,502 Evergreen Lane,Cleveland,OH,44130-,USA,
880,Constantin,Batterbee,cbatterbeeo0@businessinsider.com,7/4/1949,06471 Larry Hill,San dcego,CA,92110-,USA,
881,Drucill,Setford,dsetfordo1@sitemeter.com,6/29/1942,7 Kipling Point,Naples,FL,33963-,USA,
882,Merci,Jurczyk,mjurczyko2@github.io,9/22/2019,2 Novick Alley,Mesa,AR,85205-,USA,
883,Christye,Moncur,cmoncuro3@army.mil,6/6/1989,05 Northport Avenue,San Antonio,TN,78235-,USA,
884,Brooks,Cuddehy,bcuddehyo4@vkontakte.ru,12/28/1938,27304 Pepper Wood Place,New Orleans,LA,70187-,USA,
885,Millie,Firmin,mfirmino5@xing.com,11/21/1943,20222 Susan Way,Salt Lake City,UT,84115-,USA,
886,Sherill,Greiswood,sgreiswoodo6@opera.com,11/7/1962,077 Susan Court,San dcego,CA,92145-,USA,
887,Madonna,Rayman,mraymano7@weebly.com,5/13/1978,28 Park Meadow Way,Fort Smith,AR,72916-,USA,
888,Lianna,Everard,leverardo8@google.pl,4/12/1940,60457 Thierer Pass,Cleveland,OH,44105-,USA,
889,Coraline,Crimmins,ccrimminso9@howstuffworks.com,3/21/1987,4731 Forest Dale Terrace,Colorado Springs,CO,80945-,USA,
890,Austin,Cubitt,acubittoa@jimdo.com,2/4/2016,3901 Brentwood Avenue,Little Rock,AR,72222-,USA,
891,Ellwood,Sorby,esorbyob@comcast.net,3/24/1994,72537 Donald Plaza,Austin,TN,78703-,USA,
892,Bern,Caley,bcaleyoc@51.la,1/25/1986,4012 Jackson Trail,Wilkes Barre,PA,18706-,USA,
893,Hardy,Underhill,hunderhillod@wunderground.com,7/1/1995,05610 Comanche Crossing,El Paso,TN,79916-,USA,
894,Holly-anne,Eisikowitch,heisikowitchoe@people.com.cn,9/6/1996,7136 Granby Way,Homestead,FL,33034-,USA,
895,Karl,Hurling,khurlingof@rambler.ru,8/28/1932,11 RidGa Oak Lane,Sacramento,CA,94291-,USA,
896,Mylo,Read,mreadog@cbsnews.com,5/2/2008,7 Eagle Crest Crossing,Memphis,TN,38143-,USA,
897,Burnard,Wintersgill,bwintersgilloh@thetimes.co.uk,9/19/2002,136 David Pass,Fort Worth,TN,76192-,USA,
898,Caterina,Daltry,cdaltryoi@mozilla.org,10/10/1932,01467 Eastwood Lane,Albuquerque,NV,87195-,USA,
899,Davita,Ceney,dceneyoj@prweb.com,7/22/1990,383 Drewry Hill,Midland,TN,79705-,USA,
900,Tiena,Hotton,thottonok@techcrunch.com,9/14/1948,642 Eliot Road,San Francisco,CA,94105-,USA,
901,Brietta,Wilford,bwilfordol@nationalGaographic.com,9/17/2020,70601 Manitowish Crossing,Ocala,FL,34479-,USA,
902,Missie,Riddcch,mriddcchom@ebay.com,8/23/1983,351 Loomis Terrace,Wichita,KS,67236-,USA,
903,Judy,Doud,jdoudon@ucoz.com,5/4/1931,3038 Texas Park,El Paso,TN,88514-,USA,
904,Zared,Rubinsky,zrubinskyoo@shareasale.com,1/9/1956,8759 Hovde Court,Dallas,TN,75287-,USA,
905,Kari,Bumby,kbumbyop@mapquest.com,8/31/2016,74102 Quincy Pass,Wilmington,ND,28410-,USA,
906,Jordain,Stacey,jstaceyoq@sitemeter.com,12/17/2007,02988 Anhalt Point,Huntsville,Al,35805-,USA,
907,Travers,Perceval,tpercevalor@ted.com,9/29/1971,49 Bluestem Trail,Baton RouGa,LA,70820-,USA,
908,Rachael,Hourahan,rhourahanos@elegantthemes.com,9/22/1949,93175 Bunting Crossing,Carol Stream,IL,60158-,USA,
909,Robbie,Wheelton,rwheeltonot@adobe.com,11/22/2000,04102 WastridGa Alley,Boca Raton,FL,33487-,USA,
910,Lanette,Whybray,lwhybrayou@feedburner.com,3/24/1990,7 Holmberg Lane,Houston,TN,77281-,USA,
911,Paule,Alekseicik,palekseicikov@ebay.co.uk,6/13/2020,788 Loeprich Circle,San dcego,CA,92196-,USA,
912,Myrle,dcllingham,mdcllinghamow@ucoz.ru,4/30/1957,47 Warbler Point,Milwaukee,WI,53225-,USA,
913,Christan,Cattow,ccattowox@hc360.com,12/19/2015,487 Graceland Avenue,Tulsa,OK,74156-,USA,
914,Alicea,O'Currine,aocurrineoy@merriam-webster.com,3/9/1982,98371 Crownhardt Place,Tulsa,OK,74149-,USA,
915,Chadd,Blewmen,cblewmenoz@skyrock.com,3/22/1998,406 Becker Street,Peoria,IL,61651-,USA,
916,Hi,Titmarsh,htitmarshp0@businessweek.com,4/14/1980,0071 Myrtle Circle,Tucson,AR,85705-,USA,
917,Marianna,Costy,mcostyp1@shop-pro.jp,8/9/1970,228 Meadow RidGa Road,Dallas,TN,75342-,USA,
918,Laetitia,Tampion,ltampionp2@hud.gov,2/8/1984,20 Eagle Crest Drive,Springfield,IL,62776-,USA,
919,Tawnya,Barnwille,tbarnwillep3@example.com,2/26/1996,270 Carberry Avenue,AnchoraGa,Al,99599-,USA,
920,Raimundo,Goulstone,rgoulstonep4@dcscovery.com,10/22/1951,0 Bashford Crossing,Cleveland,OH,44191-,USA,
921,Charmian,Capelin,ccapelinp5@shinystat.com,1/22/1999,60240 Thierer Place,Oklahoma City,OK,73119-,USA,
922,dcon,Raulston,draulstonp6@over-blog.com,8/18/1985,6 Hayes Park,Madcson,WI,53785-,USA,
923,Moira,Johnsey,mjohnseyp7@tripod.com,4/28/1989,932 Porter Circle,Cincinnati,OH,45223-,USA,
924,Esteban,Imeson,eimesonp8@flavors.me,12/26/1970,9 Calypso Road,Indcanapolis,IN,46295-,USA,
925,Rachael,Reveland,rrevelandp9@furl.net,4/26/2018,1 Dennis Court,New York City,NV,10014-,USA,
926,Olympia,Burgill,oburgillpa@linkedcn.com,1/28/1934,41 Straubel Hill,Port Saint Lucie,FL,34985-,USA,
927,Davin,Kenneford,dkennefordpb@census.gov,1/15/1996,91 Pepper Wood Way,San dcego,CA,92121-,USA,
928,Antonella,Balog,abalogpc@miibeian.gov.cn,6/5/1979,67 Golf Center,Fort Pierce,FL,34981-,USA,
929,Demeter,Garriessen,dGarriessenpd@simplemachines.org,9/24/1948,9 Glacier Hill Avenue,Fort Myers,FL,33913-,USA,
930,Christi,L'oiseau,cloiseaupe@fastcompany.com,11/4/1958,8594 Trailsway Street,Young America,MT,55557-,USA,
931,Teodorico,Palffy,tpalffypf@sohu.com,2/25/2003,583 Porter Hill,New Castle,PA,16107-,USA,
932,Jone,Callis,jcallispg@patch.com,1/15/2012,2 SouthridGa Crossing,Tuscaloosa,Al,35487-,USA,
933,Jacynth,Gonnin,jgonninph@pinterest.com,12/24/2001,897 Porter Avenue,Waterloo,IA,50706-,USA,
934,Austen,Stubley,astubleypi@nps.gov,3/29/1965,6606 Duke Pass,Lincoln,NV,68583-,USA,
935,Linnea,KinGascot,lkinGascotpj@mayoclinic.com,3/11/2005,53302 Becker Street,Austin,TN,78769-,USA,
936,Damian,Rawll,drawllpk@japanpost.jp,4/27/1950,694 Hermina Terrace,Saint Louis,MT,63150-,USA,
937,Alex,Beadell,abeadellpl@narod.ru,12/14/1969,022 Mifflin Terrace,Washington,DC,20404-,USA,
938,Horace,Canham,hcanhampm@purevolume.com,6/8/2014,5733 School Point,Seminole,FL,34642-,USA,
939,Garrek,Bendelow,gbendelowpn@cpanel.net,9/5/1978,84 Blaine Plaza,Roanoke,VA,24040-,USA,
940,Brooks,Jenicke,bjenickepo@foxnews.com,4/9/1949,6070 Meadow Vale Parkway,Washington,DC,20540-,USA,
941,Neale,Belamy,nbelamypp@friendfeed.com,10/17/2015,21855 Bobwhite Avenue,Houston,TN,77206-,USA,
942,Manny,Stoop,mstooppq@pbs.org,8/23/1940,26 American Alley,Jacksonville,FL,32209-,USA,
943,BerGat,Deeble,bdeeblepr@google.cn,6/7/1998,2980 Lunder Hill,Grand Forks,ND,58207-,USA,
944,Cristabel,Tremollet,ctremolletps@tinypic.com,10/30/1972,6808 Norway Maple Drive,Silver Spring,MD,20904-,USA,
945,Ninon,Booth-Jarvis,nboothjarvispt@dagondesign.com,12/24/1938,757 Hintze Avenue,Prescott,AR,86305-,USA,
946,Pattie,Croston,pcrostonpu@go.com,1/3/1949,96330 Kinsman Lane,Los AnGales,CA,90010-,USA,
947,Mozelle,Bustin,mbustinpv@plala.or.jp,6/7/1961,85 Rieder Alley,Jamaica,NV,11436-,USA,
948,Benny,Amoore,bamoorepw@epa.gov,6/22/1993,15870 Tomscot Road,Chula Vista,CA,91913-,USA,
949,Cheri,Coombs,ccoombspx@netscape.com,12/22/1996,3 Hovde Road,Dallas,TN,75205-,USA,
950,Agathe,Connow,aconnowpy@independent.co.uk,1/18/2003,3448 Mccormick Place,Gaithersburg,MD,20883-,USA,
951,Minne,Twinbrow,mtwinbrowpz@cafepress.com,10/11/2006,76210 Schiller Plaza,San dcego,CA,92110-,USA,
952,Aland,Jordcne,ajordcneq0@naver.com,11/25/1999,62 Golf View Crossing,Gilbert,AR,85297-,USA,
953,Gaaralt,Bulmer,gbulmerq1@yahoo.co.jp,11/19/1939,121 Heath Point,Ocala,FL,34479-,USA,
954,Kipper,Rospars,krosparsq2@unblog.fr,9/25/1974,1 Lake View Terrace,Jacksonville,FL,32259-,USA,
955,Francesco,Scollick,fscollickq3@amazon.co.jp,7/4/1993,77 Moland Trail,Akron,OH,44305-,USA,
956,Conroy,Cayle,ccayleq4@spieGal.de,2/11/1933,71 Donald Center,Arlington,TN,76011-,USA,
957,Devondra,Botting,dbottingq5@ihg.com,1/7/1989,03 Florence Avenue,Daytona Beach,FL,32123-,USA,
958,Louise,Edelman,ledelmanq6@symantec.com,7/20/1950,4492 Canary Circle,Lafayette,IN,47905-,USA,
959,Fons,Laurentin,flaurentinq7@latimes.com,5/30/1951,474 Rieder Point,San AnGalo,TN,76905-,USA,
960,Batsheva,Bettanay,bbettanayq8@kickstarter.com,1/30/1949,65516 Lukken Court,El Paso,TN,79950-,USA,
961,Wallie,Reen,wreenq9@google.nl,7/1/1977,41 Loeprich Crossing,Whittier,CA,90610-,USA,
962,Kyle,Boxhall,kboxhallqa@sourceforGa.net,8/25/1983,729 Miller Court,Salt Lake City,UT,84110-,USA,
963,Ricca,Dorton,rdortonqb@squidoo.com,2/24/1970,26 Graedel Crossing,Dayton,OH,45432-,USA,
964,Sharyl,Andreutti,sandreuttiqc@dell.com,5/23/1976,87 Dennis Center,East Saint Louis,IL,62205-,USA,
965,Sloan,Broadberry,sbroadberryqd@abc.net.au,4/16/1982,5407 Dwight Trail,Gainesville,FL,32610-,USA,
966,Reg,Dobrovolny,rdobrovolnyqe@apple.com,7/13/1997,0 Arapahoe Point,Miami,FL,33153-,USA,
967,Orion,SpinaGa,ospinaGaqf@behance.net,5/9/1940,7 South Plaza,Mobile,Al,36628-,USA,
968,Alma,Kepling,akeplingqg@cbsnews.com,11/18/2001,284 dcvision Junction,Houston,TN,77260-,USA,
969,Scot,Mattusov,smattusovqh@elpais.com,3/9/1936,037 New Castle Avenue,Lexington,KY,40581-,USA,
970,Gillian,McCrudden,gmccruddenqi@aol.com,3/30/2007,4 Summer RidGa Crossing,London,KY,40745-,USA,
971,Ingamar,Flasby,iflasbyqj@mozilla.com,9/4/2011,2 Merchant Circle,Saint Paul,MT,55146-,USA,
972,Zilvia,Durdle,zdurdleqk@exblog.jp,4/25/1984,779 Riverside Alley,Lexington,KY,40510-,USA,
973,Loutitia,Dugan,lduganql@a8.net,1/18/1972,51 Golf Course Place,Cincinnati,OH,45254-,USA,
974,Matt,Sudran,msudranqm@eepurl.com,12/20/1935,38356 Everett Lane,Gadsden,Al,35905-,USA,
975,Sukey,Evenett,sevenettqn@intel.com,1/22/1973,25783 Tennyson Lane,Kissimmee,FL,34745-,USA,
976,Lela,Calvert,lcalvertqo@ca.gov,12/24/2016,25 Columbus Place,Austin,TN,78703-,USA,
977,Towny,Butte,tbutteqp@google.ru,5/29/2017,48 Buell Park,El Paso,TN,79955-,USA,
978,Isiahi,Jouhan,ijouhanqq@hatena.ne.jp,2/12/2020,84581 Browning Alley,Pensacola,FL,32511-,USA,
979,Gannifer,Levane,glevaneqr@4shared.com,5/23/1994,0 Waubesa Junction,Midland,MT,48670-,USA,
980,Barnabe,Colton,bcoltonqs@jiathis.com,4/2/1965,95946 Walton Lane,Portland,OR,97201-,USA,
981,Mitchell,Dewey,mdeweyqt@yelp.com,10/12/1969,81049 Mayer Parkway,New York City,NV,10079-,USA,
982,Edee,Peggs,epeggsqu@seesaa.net,4/3/1992,399 Sullivan Park,Cincinnati,OH,45296-,USA,
983,Tomasine,Lyne,tlyneqv@freewebs.com,10/31/2006,9 Hoepker Pass,Charlotte,ND,28284-,USA,
984,Korella,Goodcsson,kgoodcssonqw@g.co,3/9/1965,280 Buhler Plaza,Peoria,IL,61629-,USA,
985,Zora,Leagas,zleagasqx@google.fr,9/20/1940,22355 Kedzie Road,Louisville,KY,40215-,USA,
986,Niki,Stickins,nstickinsqy@columbia.edu,6/29/1991,99711 Melody Road,Birmingham,Al,35290-,USA,
987,Berthe,Pimlett,bpimlettqz@ed.gov,4/26/1975,66 Waeping Birch Crossing,Washington,DC,20530-,USA,
988,Wheeler,McNulty,wmcnultyr0@sciencedcrect.com,10/9/2006,00 Corry Point,Saint Paul,MT,55188-,USA,
989,Itch,De Cruce,idecrucer1@technorati.com,2/17/1967,63208 Messerschmidt Pass,Denver,CO,80291-,USA,
990,Giselle,Schwanden,gschwandenr2@cam.ac.uk,9/14/1967,21 Lindbergh Parkway,South Bend,IN,46614-,USA,
991,Ilyse,Karim,ikarimr3@reuters.com,7/29/1944,3064 Stoughton Parkway,Sioux Falls,SC,57188-,USA,
992,Tim,GarGaly,tGarGalyr4@nps.gov,12/2/1960,3478 Graedel Point,Houston,TN,77245-,USA,
993,Ianthe,Stalley,istalleyr5@google.ca,7/16/1938,7970 Derek Street,Oakland,CA,94627-,USA,
994,Berta,Espinheira,bespinheirar6@cbslocal.com,8/17/1965,8 RidGaway Junction,San dcego,CA,92170-,USA,
995,Elga,Buard,ebuardr7@fema.gov,9/5/1964,91 Artisan Junction,Akron,OH,44315-,USA,
996,Sandye,Aitken,saitkenr8@epa.gov,9/10/1970,7084 Sunnyside Circle,Tampa,FL,33673-,USA,
997,Nicola,Grisdale,ngrisdaler9@businessweek.com,2/4/1996,6 Vidon Circle,Hampton,VA,23668-,USA,
998,Maudce,Cullip,mcullipra@harvard.edu,10/8/1977,826 Del Sol Junction,New York City,NV,10155-,USA,
999,Zacharias,L'Hommeau,zlhommeaurb@narod.ru,10/28/1991,70 Debs Drive,Everett,WA,98206-,USA,
1000,Judah,Lempenny,jlempennyrc@slashdot.org,12/1/1966,6167 Artisan Avenue,Anderson,SC,29625-,USA,
1001,Dahlia,Pritchett,dpritchettrd@youtu.be,6/25/1941,682 Schiller Plaza,Spokane,WA,99252-,USA,
1002,Aldwin,Boatright,aboatrightre@mapquest.com,2/8/1947,4 Tony Street,Reno,NV,89519-,USA,
1003,Bernie,Haywood,bhaywoodrf@patch.com,7/25/2010,2 Merry Street,Decatur,GA,30089-,USA,
1004,Sarene,Gibbett,sgibbettrg@flavors.me,11/30/1940,6 Garald Hill,Los AnGales,CA,90020-,USA,
1005,Melvyn,Aisman,maismanrh@purevolume.com,11/10/1938,03 Dahle Avenue,Houston,TN,77240-,USA,
1006,Alano,Beart,abeartri@homestead.com,9/3/1971,292 Bowman Way,Des Moines,IA,50347-,USA,
1007,Axe,Flute,afluterj@google.co.jp,4/18/1976,70152 Manley Terrace,Nashville,TN,37228-,USA,
1008,Brandce,Ducaen,bducaenrk@google.nl,3/11/2014,83 Twin Pines Parkway,Austin,TN,78764-,USA,
1009,Avivah,Brimblecomb,abrimblecombrl@amazon.com,2/7/1961,235 Forest Run Avenue,Pueblo,CO,81010-,USA,
1010,Fletcher,Pettyfer,fpettyferrm@webs.com,5/28/1996,90 CambridGa Parkway,Tacoma,WA,98481-,USA,
1011,Stacy,Leagas,sleagasrn@barnesandnoble.com,12/6/1996,1 5th Circle,Cleveland,OH,44197-,USA,
1012,Iggy,Piggford,ipiggfordro@slideshare.net,11/17/1991,5570 Mcguire Court,Chicago,IL,60674-,USA,
1013,Nana,Balchin,nbalchinrp@wordpress.com,12/26/2020,6796 Caliangt Street,Canton,OH,44710-,USA,
1014,Roarke,Chasle,rchaslerq@yahoo.co.jp,6/14/1979,7890 Kennedy Circle,Baltimore,MD,21282-,USA,
1015,Kim,Hearson,khearsonrr@vistaprint.com,2/29/2008,710 Comanche Plaza,Pittsburgh,PA,15220-,USA,
