RegionID,RegionName,RegionSize,RegionState
1,I-70 Corridor,100506,Co
2,Southern Rockies,84560,Nm
3,Northen Rockies,98765,Mt
4,Canadian Rockies,107985,
5,Pacific Northwest,153423,Wa
6,High Sierras,206078,Ca
7,Western Rockies,67934,Ut
8,East Coast,45007,Vt
9,Midwest,14674,Wi
10,Aspen,450,Co
11,Japan,16495,
12,Italian Alps,7808,
13,Chile ,9710,
14,Swiss Alps,11935,
15,Canadian Coast,6649,
16,Powder High Way,13265,
17,French Alps,7841,
18,Pyreness,11843,
19,Norway,8337,
20,Sweden ,17289,
