ResortID,RegionID,ResortName,ResortAvgAnnualSnowfall,ResortSize,NumberOfLifts,ResortLogo,ResortWebsite
21,14,Afton Alps,53,100,3,,https://www.aftonalps.com/
20,1,Arapahoe Basin,190,671,4,,https://www.arapahoebasin.com/
6,10,Aspen Buttermilk,211,954,14,,https://www.aspensnowmass.com/
7,10,Aspen Highlands,445,1033,42,,https://www.aspensnowmass.com/
4,10,Aspen Mountain,203,1703,44,,https://www.aspensnowmass.com/
5,10,Aspen Snowmass,461,744,45,,https://www.aspensnowmass.com/
9,1,Beaver Creek,422,1070,38,,https://www.beavercreek.com/
19,3,Big Sky Resort,293,1045,12,,https://bigskyresort.com/
3,1,Copper Mountain,317,1449,2,,https://www.coppercolorado.com/
16,1,Eldora,160,450,3,,https://www.eldora.com/
18,3,Jackson Hole,285,957,8,,https://www.jacksonhole.com/
13,6,Mammoth Mountain,286,923,20,,https://www.mammothmountain.com/
15,2,Monarch,287,500,6,,https://www.skimonarch.com/
11,4,Revelstoke,232,1108,49,,https://www.revelstokemountainresort.com/
14,7,Snowbird,355,1605,46,,https://www.snowbird.com/
12,6,Squaw Valley,300,1771,48,,https://www.squawalpine.com/
1,1,Steamboat,227,1027,5,,https://www.steamboat.com/
22,5,Steven's Pass,320,430,14,,https://www.stevenspass.com/
17,8,SugarBush Resort,140,630,8,,https://www.sugarbush.com/
8,1,Vail Mountain,376,1367,6,,https://www.vail.com/
10,4,Whistler-Blackcomb,322,1646,20,,https://www.whistlerblackcomb.com/
2,1,Winter Park,204,1799,15,,winterparkresort.com
