State_Names,Visitor_Spending,Num_of_Parks,Num_Park_Visitors,Region
Alabama,40.6,9,1001110,SE
Alaska,1300,24,2788738,W
Arizona,1100,22,13321857,SW
Arkansas,188,7,3672027,SE
California,1900,28,40636133,W
Colorado,484,13,7606064,W
Connecticut,2.2,2,39365,NE
Delaware,3.5,1,3800000,SE
Florida,613,11,10762798,SE
Georgia,384,11,7446578,SE
Hawaii,400,8,6077336,W
Idaho,32.7,7,691279,W
Illinois,13.8,2,237598,MW
Indiana,105,3,2435602,MW
Iowa,12.4,2,222810,MW
Kansas,5.6,5,118316,MW
Kentucky,638,5,1872764,SE
Louisiana,30.2,5,527048,SE
Maine,285,4,3430164,NE
Maryland,220,18,6677826,SE
Massachusetts,539,15,10376681,NE
Michigan,231,5,2775852,MW
Minnesota,64.2,5,1233738,MW
Mississippi,197,8,6677715,SE
Missouri,204,6,2890455,MW
Montana,556,8,5918927,W
Nebraska,18.5,5,389441,MW
Nevada,262,4,5920460,W
New Hampshire,1.8,2,37923,NE
New Jersey,163,9,5277073,NE
New Mexico,116,15,1982442,SW
New York,702,24,19709836,NE
North Carolina,1300,10,19061743,SE
North Dakota,45.6,3,764047,MW
Ohio,85.3,8,2666256,MW
Oklahoma,24.8,3,1561234,SW
Oregon,91.6,5,1288759,W
Pennsylvania,478,19,10586290,NE
Rhode Island,4.6,2,80917,NE
South Carolina,93.4,7,722302,SE
South Dakota,290,6,4539559,MW
Tennessee,638,12,9386084,SE
Texas,305,14,5744482,MW
Utah,1100,13,14812185,W
Vermont,2.7,2,48945,NE
Virginia,1000,22,25872150,SE
Washington,508,15,8371753,W
West Virginia,72.8,6,1741000,SE
Wisconsin,48.1,2,594637,MW
Wyoming,882,7,7482941,W
